格斗家id,角色分组,可否获得: 1.可获得 0.不展示,初始星级,品质: 1.B 2.A 3.S 4.SS,性别: 1.男 2.女,类型: 1.攻击型 2.防御性 3.辅助型 4.控制型,合成需要: 碎片id:数量,自动分解获得的碎片,主动技能库,被动技: 技能id:需要星级,默认技能,角色初始属性: 属性编号:值,1星成长值: type:value 血攻防速成长值要除以100 暴/暴伤/命中/抵抗不除,2星成长值,3星成长值,4星成长值,5星成长值,6星成长值,银勋章,金勋章,卡牌经验的系数,五维图,展示坐标,星座小图,星座大图,星座名称,星座日期,援护被动技能,援护属性
ID,RoleTeam,IfGet,InitialStar,Quality,Sex,Type,Piece,ToDebris,Skill2,Skill3,DefaultSkillteam,NitialAttribute,StarGrow1,StarGrow2,StarGrow3,StarGrow4,StarGrow5,StarGrow6,SilverMedal,GoldMedal,ExpRatio,FiveValue,ShowCoord,ConstellationIcon,ConstellationIconBig,ConstellationName,ConstellationDate,SupportSkill,SupportAttr
range(0:n),range(0:n),select(0:1),range(0:n),range(0:n),range(0:n),range(0:n),range(0:n)|range(0:n),range(0:n)|range(0:n)|range(0:n),range(0:n),range(0:n)|select(1:2:3:4:5:6),range(0:n),range(0:n)|none,range(0:n)|range(0:n),range(0:n)|range(0:n),range(0:n)|range(0:n),range(0:n)|range(0:n),range(0:n)|range(0:n),range(0:n)|range(0:n),range(0:n),range(0:n),range(0:n),none,none,none,none,none,none,range(0:n),range(0:n)|range(0:n)
int,int,int,int,int,int,int,class:SItem4[int:id;int:count],vector:SDebris[int:star;int:id;int:num],vector:int[],vector:SSkill3[int:skillID;int:needStar],vector:int[],vector:SAttr[int:id;int:count],vector:SAttr[int:id;int:count],vector:SAttr[int:id;int:count],vector:SAttr[int:id;int:count],vector:SAttr[int:id;int:count],vector:SAttr[int:id;int:count],vector:SAttr[int:id;int:count],int,int,float,string,string,string,string,string,string,vector:int[],vector:SAttr[int:id;int:count]
1001,1001,0,1,3,1,1,29001001:70,1:29001001:8;2:29001001:16;3:29001001:42;4:29001001:84;5:29001001:168;6:29001001:276;,3100101;3100102;3100111;3100112;3100121;3100122;3100131;3100132,3999941:1;3100241:1,3100101;3100102;3100111;3100112;3100121,1:1597;2:1662;3:38;4:90;5:0;6:15000;7:0;8:0;23:5000,1:1407;2:4108;3:123;4:0;5:34;6:34;7:0;8:0,1:1407;2:4108;3:123;4:0;5:34;6:34;7:0;8:0,1:2756;2:4604;3:122;4:0;5:34;6:34;7:0;8:0,1:3870;2:5318;3:132;4:0;5:34;6:34;7:0;8:0,1:5011;2:6244;3:149;4:0;5:34;6:34;7:0;8:0,1:6301;2:7412;3:173;4:0;5:34;6:34;7:0;8:0,0,0,1,18:14:14:10:15,0.35;0;0,H_HeroList_icon_sheshouzuo,H_HeroList_icon_sheshouzuo,H_HeroStar_SS,11:22:12:21,,1:159;2:166;3:3
1002,1002,1,1,2,1,3,29001002:24,1:29001002:7;2:29001002:14;3:29001002:36;4:29001002:72;5:29001002:144;6:29001002:240;,3100201;3100202;3100221;3100291;3100299,3100241:1;3100242:1;3100243:1;3100244:1;3100245:1;3100246:1;3999941:1,3100201;3100202;3100221;3100291;3100299,1:3802;2:465;3:15;4:112;5:0;6:15000;7:0;8:0;23:5000,1:7999;2:4231;3:268;4:0;5:17;6:17;7:0;8:0,1:7999;2:4231;3:268;4:0;5:17;6:17;7:0;8:0,1:13106;2:4648;3:275;4:0;5:17;6:17;7:0;8:0,1:16244;2:5006;3:286;4:0;5:17;6:17;7:0;8:0,1:19824;2:5629;3:314;4:0;5:17;6:17;7:0;8:0,1:22191;2:6041;3:333;4:0;5:17;6:17;7:0;8:0,0,0,1,12:13:12:14:17,0.35;0;0,H_HeroList_icon_shuangzizuo,H_HeroList_icon_shuangzizuo,H_HeroStar_SZ,5:21:6:20,,1:225;2:107;3:5
1003,1003,0,1,1,1,2,29001003:10,1:29001003:6;2:29001003:12;3:29001003:30;4:29001003:60;5:29001003:120;6:29001003:192;,3100301;3100302;3100311;3100312;3100321,3100341:1;3999941:1,3100301;3100302;3100311;3100312;3100321,1:2142;2:252;3:17;4:100;5:0;6:15000;7:0;8:0;23:5000,1:2266;2:1174;3:152;4:0;5:0;6:0;7:0;8:0,1:2266;2:1174;3:152;4:0;5:0;6:0;7:0;8:0,1:4439;2:1315;3:151;4:0;5:0;6:0;7:0;8:0,1:6232;2:1519;3:163;4:0;5:0;6:0;7:0;8:0,1:8071;2:1784;3:185;4:0;5:0;6:0;7:0;8:0,1:10147;2:2118;3:214;4:0;5:0;6:0;7:0;8:0,0,0,1,16:17:15:19:19,0.35;0;0,H_HeroList_icon_juxiezuo,H_HeroList_icon_juxiezuo,H_HeroStar_JN,4:20:5:20,,1:214;2:25;3:1
1004,1004,0,2,1,1,1,29001004:40,1:29001004:6;2:29001004:12;3:29001004:30;4:29001004:60;5:29001004:120;6:29001004:192;,3100200;3100201;3100202;3100203;3100204,3100405:1;3100406:1;3100407:1,0,1:1319;2:355;3:20;4:95;5:1000;6:15000;7:0;8:0;23:5000,1:15380;2:3420;3:260;4:0;5:0;6:0;7:0;8:0,1:16920;2:3760;3:280;4:0;5:0;6:0;7:0;8:0,1:18620;2:4140;3:310;4:0;5:0;6:0;7:0;8:0,1:20480;2:4550;3:340;4:0;5:0;6:0;7:0;8:0,1:22520;2:5010;3:380;4:0;5:0;6:0;7:0;8:0,1:24780;2:5510;3:410;4:0;5:0;6:0;7:0;8:0,0,0,1,10:15:24:13:16,0.35;0;0,H_HeroList_icon_shizizuo,H_HeroList_icon_shizizuo,H_HeroStar_ShiZ,7:22:8:22,,1:131;2:35;3:2
1005,1005,0,2,1,1,1,29001005:40,1:29001005:6;2:29001005:12;3:29001005:30;4:29001005:60;5:29001005:120;6:29001005:192;,3100200;3100201;3100202;3100203,3100505:1;3100506:1;3100507:1,0,1:1179;2:215;3:20;4:95;5:1000;6:15000;7:0;8:0;23:5000,1:15380;2:3420;3:260;4:0;5:0;6:0;7:0;8:0,1:16920;2:3760;3:280;4:0;5:0;6:0;7:0;8:0,1:18620;2:4140;3:310;4:0;5:0;6:0;7:0;8:0,1:20480;2:4550;3:340;4:0;5:0;6:0;7:0;8:0,1:22520;2:5010;3:380;4:0;5:0;6:0;7:0;8:0,1:24780;2:5510;3:410;4:0;5:0;6:0;7:0;8:0,0,0,1,10:15:24:13:16,0.35;0;0,H_HeroList_icon_tianchengzuo,H_HeroList_icon_tianchengzuo01,H_HeroStar_CN,8:23:9:22,,1:117;2:21;3:2
1006,1006,0,2,1,1,1,29001006:40,1:29001006:6;2:29001006:12;3:29001006:30;4:29001006:60;5:29001006:120;6:29001006:192;,3100200;3100201;3100202;3100203,3100605:1;3100606:1;3100607:1,0,1:1179;2:215;3:20;4:95;5:1000;6:15000;7:0;8:0;23:5000,1:15380;2:3420;3:260;4:0;5:0;6:0;7:0;8:0,1:16920;2:3760;3:280;4:0;5:0;6:0;7:0;8:0,1:18620;2:4140;3:310;4:0;5:0;6:0;7:0;8:0,1:20480;2:4550;3:340;4:0;5:0;6:0;7:0;8:0,1:22520;2:5010;3:380;4:0;5:0;6:0;7:0;8:0,1:24780;2:5510;3:410;4:0;5:0;6:0;7:0;8:0,0,0,1,30:15:24:13:16,0.35;0;0,H_HeroList_icon_tianchengzuo,H_HeroList_icon_tianchengzuo01,H_HeroStar_TP,9:23:10:22,,1:117;2:21;3:2
1007,1007,1,1,3,2,3,29001007:70,1:29001007:8;2:29001007:16;3:29001007:42;4:29001007:84;5:29001007:168;6:29001007:276;,3100701;3100702;3100721;3100791;3100299,3100741:1;3100742:1;3100743:1;3999941:1,3100701;3100702;3100721;3100791;3100299,1:5040;2:618;3:19;4:124;5:0;6:15000;7:0;8:0;23:5000,1:10605;2:5623;3:296;4:0;5:17;6:17;7:0;8:0,1:10605;2:5623;3:296;4:0;5:17;6:17;7:0;8:0,1:17376;2:6177;3:303;4:0;5:17;6:17;7:0;8:0,1:21535;2:6653;3:315;4:0;5:17;6:17;7:0;8:0,1:26282;2:7481;3:346;4:0;5:17;6:17;7:0;8:0,1:29420;2:8028;3:367;4:0;5:17;6:17;7:0;8:0,5,0,1,16:17:15:19:19,0.35;0;0,H_HeroList_icon_mojiezuo,H_HeroList_icon_mojiezuo,H_HeroStar_MJ,12:22:1:19,,1:176;2:159;3:3
1008,1008,0,2,1,2,1,29001008:10,1:29001008:6;2:29001008:12;3:29001008:30;4:29001008:60;5:29001008:120;6:29001008:192;,3100801;3100802;3100811;3100812;3100821;3100822,3100841:1;3999941:1,3100801;3100802;3100811;3100812;3100821,1:1995;2:257;3:17;4:100;5:0;6:15000;7:0;8:0;23:5000,1:2111;2:1197;3:158;4:0;5:0;6:0;7:0;8:0,1:2111;2:1197;3:158;4:0;5:0;6:0;7:0;8:0,1:4135;2:1342;3:157;4:0;5:0;6:0;7:0;8:0,1:5804;2:1550;3:170;4:0;5:0;6:0;7:0;8:0,1:7517;2:1820;3:192;4:0;5:0;6:0;7:0;8:0,1:9451;2:2160;3:223;4:0;5:0;6:0;7:0;8:0,0,0,1,10:15:24:13:16,0.35;0;0,H_HeroList_icon_sheshouzuo,H_HeroList_icon_mojiezuo,H_HeroStar_BY,3:21:4:19,,1:199;2:257;3:1
1009,1009,0,2,1,1,1,29001009:40,1:29001009:6;2:29001009:12;3:29001009:30;4:29001009:60;5:29001009:120;6:29001009:192;,3100901;3100902;3100911;3100912;3100921,3100941:1;3999941:1,3100901;3100902;3100911;3100912;3100921,1:1301;2:310;3:24;4:100;5:0;6:15000;7:0;8:0;23:5000,1:16150;2:2980;3:300;4:0;5:0;6:0;7:0;8:0,1:17770;2:3280;3:330;4:0;5:0;6:0;7:0;8:0,1:19550;2:3600;3:360;4:0;5:0;6:0;7:0;8:0,1:21500;2:3970;3:400;4:0;5:0;6:0;7:0;8:0,1:23650;2:4360;3:440;4:0;5:0;6:0;7:0;8:0,1:26020;2:4800;3:480;4:0;5:0;6:0;7:0;8:0,0,0,1,20:15:24:13:16,0.35;0;0,H_HeroList_icon_mojiezuo,H_HeroList_icon_mojiezuo,H_HeroStar_MJ,12:22:1:19,,1:117;2:21;3:2
1010,1010,0,2,1,1,1,29001010:40,1:29001010:6;2:29001010:12;3:29001010:30;4:29001010:60;5:29001010:120;6:29001010:192;,3101001;3101002;3101011;3101012;3101021,3999841:1,0,1:1239;2:335;3:20;4:95;5:1000;6:15000;7:0;8:0;23:5000,1:15380;2:3420;3:260;4:0;5:0;6:0;7:0;8:0,1:16920;2:3760;3:280;4:0;5:0;6:0;7:0;8:0,1:18620;2:4140;3:310;4:0;5:0;6:0;7:0;8:0,1:20480;2:4550;3:340;4:0;5:0;6:0;7:0;8:0,1:22520;2:5010;3:380;4:0;5:0;6:0;7:0;8:0,1:24780;2:5510;3:410;4:0;5:0;6:0;7:0;8:0,0,0,1,10:15:24:13:16,0.35;0;0,H_HeroList_icon_shuipingzuo,H_HeroList_icon_shuipingzuo,H_HeroStar_SP,1:20:2:18,,1:117;2:21;3:2
1011,1011,0,2,1,1,1,29001011:40,1:29001011:6;2:29001011:12;3:29001011:30;4:29001011:60;5:29001011:120;6:29001011:192;,3100200;3100201;3100202;3100203,3101105:1;3101106:1;3101107:1,0,1:1230;2:322;3:19;4:90;5:1000;6:15000;7:0;8:0;23:5000,1:14650;2:3360;3:240;4:0;5:0;6:0;7:0;8:0,1:16120;2:3690;3:270;4:0;5:0;6:0;7:0;8:0,1:17730;2:4060;3:300;4:0;5:0;6:0;7:0;8:0,1:19500;2:4460;3:320;4:0;5:0;6:0;7:0;8:0,1:21450;2:4910;3:360;4:0;5:0;6:0;7:0;8:0,1:23600;2:5400;3:390;4:0;5:0;6:0;7:0;8:0,0,0,1,10:15:24:13:16,0.35;0;0,H_HeroList_icon_shuangyuzuo,H_HeroList_icon_shuangyuzuo,H_HeroStar_SY,2:19:3:20,,1:117;2:21;3:2
1012,1012,0,2,1,1,1,29001012:40,1:29001012:6;2:29001012:12;3:29001012:30;4:29001012:60;5:29001012:120;6:29001012:192;,3101211;3101221,3101205:1;3101206:1;3101207:1,3101211;3101221,1:1230;2:322;3:19;4:90;5:1000;6:15000;7:0;8:0;23:5000,1:14650;2:3360;3:240;4:0;5:0;6:0;7:0;8:0,1:16120;2:3690;3:270;4:0;5:0;6:0;7:0;8:0,1:17730;2:4060;3:300;4:0;5:0;6:0;7:0;8:0,1:19500;2:4460;3:320;4:0;5:0;6:0;7:0;8:0,1:21450;2:4910;3:360;4:0;5:0;6:0;7:0;8:0,1:23600;2:5400;3:390;4:0;5:0;6:0;7:0;8:0,0,0,1,30:15:24:13:16,0.35;0;0,H_HeroList_icon_shefuzuo,H_HeroList_icon_shefuzuo,H_HeroStar_SF,?:?:?:?,,1:117;2:21;3:2
1013,1013,1,2,2,2,3,29001013:24,1:29001013:6;2:29001013:12;3:29001013:30;4:29001013:60;5:29001013:120;6:29001013:192;,3101301;3101302;3101321;3101322;3101361,3101341:1;3101342:1;3101343:1;3101344:1;3101345:1;3101346:1;3101347:1;3999941:1,3101301;3101302;3101321;3101322,1:3917;2:470;3:15;4:114;5:0;6:15000;7:0;8:0;23:5000,1:8242;2:4275;3:263;4:0;5:17;6:17;7:0;8:0,1:8242;2:4275;3:263;4:0;5:17;6:17;7:0;8:0,1:13504;2:4697;3:270;4:0;5:17;6:17;7:0;8:0,1:16736;2:5059;3:280;4:0;5:17;6:17;7:0;8:0,1:20425;2:5688;3:308;4:0;5:17;6:17;7:0;8:0,1:22863;2:6104;3:326;4:0;5:17;6:17;7:0;8:0,0,0,1,12:13:12:15:13,0.35;0;0,H_HeroList_icon_shuangyuzuo,H_HeroList_icon_shuangyuzuo,H_HeroStar_SY,2:19:3:20,,1:232;2:108;3:5
1014,1014,0,2,1,1,1,29001014:40,1:29001014:6;2:29001014:12;3:29001014:30;4:29001014:60;5:29001014:120;6:29001014:192;,3100200;3100201;3100202;3100203,3101405:1;3101406:1;3101407:1,0,1:2395;2:1074;3:50;4:94;5:0;6:15000;7:0;8:0;23:5000,1:14650;2:2780;3:270;4:0;5:0;6:0;7:0;8:0,1:16120;2:3060;3:300;4:0;5:0;6:0;7:0;8:0,1:17730;2:3370;3:330;4:0;5:0;6:0;7:0;8:0,1:19500;2:3710;3:360;4:0;5:0;6:0;7:0;8:0,1:21450;2:4080;3:400;4:0;5:0;6:0;7:0;8:0,1:23600;2:4480;3:440;4:0;5:0;6:0;7:0;8:0,0,0,1,10:15:24:13:16,0.35;0;0,H_HeroList_icon_shuangzizuo,H_HeroList_icon_shuangzizuo,H_HeroStar_SZ,5:21:6:20,,1:117;2:21;3:2
1015,1015,0,2,1,1,1,29001015:40,1:29001015:6;2:29001015:12;3:29001015:30;4:29001015:60;5:29001015:120;6:29001015:192;,3100200;3100201;3100202;3100203,3101505:1;3101506:1;3101507:1,0,1:1180;2:262;3:19;4:90;5:1000;6:15000;7:0;8:0;23:5000,1:14650;2:3260;3:240;4:0;5:0;6:0;7:0;8:0,1:16120;2:3580;3:270;4:0;5:0;6:0;7:0;8:0,1:17730;2:3940;3:300;4:0;5:0;6:0;7:0;8:0,1:19500;2:4330;3:320;4:0;5:0;6:0;7:0;8:0,1:21450;2:4770;3:360;4:0;5:0;6:0;7:0;8:0,1:23600;2:5240;3:390;4:0;5:0;6:0;7:0;8:0,0,0,1,10:15:24:13:16,0.35;0;0,H_HeroList_icon_juxiezuo,H_HeroList_icon_juxiezuo,H_HeroStar_JX,6:21:7:21,,1:117;2:21;3:2
1016,1016,0,2,3,1,3,29001016:40,1:29001016:8;2:29001016:16;3:29001016:42;4:29001016:84;5:29001016:168;6:29001016:276;,3100200;3100201;3100202;3100203,3101605:1;3101606:1;3101607:1,0,1:1180;2:342;3:19;4:90;5:1000;6:15000;7:0;8:0;23:5000,1:14650;2:3460;3:240;4:0;5:0;6:0;7:0;8:0,1:16120;2:3790;3:270;4:0;5:0;6:0;7:0;8:0,1:17730;2:4180;3:300;4:0;5:0;6:0;7:0;8:0,1:19500;2:4590;3:320;4:0;5:0;6:0;7:0;8:0,1:21450;2:5060;3:360;4:0;5:0;6:0;7:0;8:0,1:23600;2:5550;3:390;4:0;5:0;6:0;7:0;8:0,0,100,1,10:15:24:13:16,0.35;0;0,H_HeroList_icon_shizizuo,H_HeroList_icon_shizizuo,H_HeroStar_ShiZ,7:22:8:22,,1:117;2:21;3:2
1017,1017,0,2,1,1,1,29001017:40,1:29001017:6;2:29001017:12;3:29001017:30;4:29001017:60;5:29001017:120;6:29001017:192;,3100200;3100201;3100202;3100203,3101705:1;3101706:1;3101707:1,0,1:1239;2:228;3:23;4:95;5:0;6:15000;7:0;8:0;23:5000,1:15380;2:2840;3:280;4:0;5:0;6:0;7:0;8:0,1:16920;2:3120;3:310;4:0;5:0;6:0;7:0;8:0,1:18620;2:3430;3:340;4:0;5:0;6:0;7:0;8:0,1:20480;2:3780;3:380;4:0;5:0;6:0;7:0;8:0,1:22520;2:4150;3:420;4:0;5:0;6:0;7:0;8:0,1:24780;2:4570;3:460;4:0;5:0;6:0;7:0;8:0,0,0,1,10:15:24:13:16,0.35;0;0,H_HeroList_icon_tianchengzuo,H_HeroList_icon_chunvzuo,H_HeroStar_CN,8:23:9:22,,1:117;2:21;3:2
1018,1018,0,2,1,1,1,29001018:40,1:29001018:6;2:29001018:12;3:29001018:30;4:29001018:60;5:29001018:120;6:29001018:192;,3100200;3100201;3100202;3100203,3101805:1;3101806:1;3101807:1,0,1:1180;2:277;3:22;4:90;5:0;6:15000;7:0;8:0;23:5000,1:14650;2:2700;3:270;4:0;5:0;6:0;7:0;8:0,1:16120;2:2970;3:300;4:0;5:0;6:0;7:0;8:0,1:17730;2:3270;3:330;4:0;5:0;6:0;7:0;8:0,1:19500;2:3600;3:360;4:0;5:0;6:0;7:0;8:0,1:21450;2:3960;3:400;4:0;5:0;6:0;7:0;8:0,1:23600;2:4350;3:440;4:0;5:0;6:0;7:0;8:0,0,0,1,10:15:24:13:16,0.35;0;0,H_HeroList_icon_tianchengzuo,H_HeroList_icon_tianchengzuo01,H_HeroStar_TP,9:23:10:22,,1:117;2:21;3:2
1019,1019,1,2,3,1,3,29001019:70,1:29001019:8;2:29001019:16;3:29001019:42;4:29001019:84;5:29001019:168;6:29001019:276;,3101901;3101902;3101921;3101922;3101961,3101941:1;3101942:1;3101943:1;3101944:1;3101945:1;3101946:1;3999941:1,3101901;3101902;3101921;3101922;3101961,1:5040;2:581;3:18;4:126;5:0;6:15000;7:0;8:0;23:5000,1:10605;2:5289;3:325;4:0;5:17;6:17;7:0;8:0,1:10605;2:5289;3:325;4:0;5:17;6:17;7:0;8:0,1:17376;2:5810;3:334;4:0;5:17;6:17;7:0;8:0,1:21535;2:6258;3:347;4:0;5:17;6:17;7:0;8:0,1:26282;2:7036;3:381;4:0;5:17;6:17;7:0;8:0,1:29420;2:7551;3:404;4:0;5:17;6:17;7:0;8:0,5,0,1,15:17:14:19:15,0.35;0;0,H_HeroList_icon_shuangyuzuo,H_HeroList_icon_shuangyuzuo,H_HeroStar_SY,2:19:3:20,,1:239;2:107;3:5
1020,1020,0,2,1,1,1,29001020:40,1:29001020:6;2:29001020:12;3:29001020:30;4:29001020:60;5:29001020:120;6:29001020:192;,3102001;3102002;3102011;3102012;3102021,3102005:1;3102006:1;3102007:1,3102001;3102002;3102011;3102012;3102021,1:1546;2:1726;3:37;4:86;5:0;6:15000;7:0;8:0;23:5000,1:14650;2:3260;3:240;4:0;5:0;6:0;7:0;8:0,1:16120;2:3580;3:270;4:0;5:0;6:0;7:0;8:0,1:17730;2:3940;3:300;4:0;5:0;6:0;7:0;8:0,1:19500;2:4330;3:320;4:0;5:0;6:0;7:0;8:0,1:21450;2:4770;3:360;4:0;5:0;6:0;7:0;8:0,1:23600;2:5240;3:390;4:0;5:0;6:0;7:0;8:0,0,0,1,10:15:24:13:16,0.35;0;0,H_HeroList_icon_sheshouzuo,H_HeroList_icon_sheshouzuo,H_HeroStar_SS,11:22:12:21,,1:154;2:172;3:3
1021,1021,0,2,1,1,1,29001021:40,1:29001021:6;2:29001021:12;3:29001021:30;4:29001021:60;5:29001021:120;6:29001021:192;,3100200;3100201;3100202;3100203,3102105:1;3102106:1;3102107:1,0,1:1180;2:262;3:19;4:90;5:1000;6:15000;7:0;8:0;23:5000,1:14650;2:3260;3:240;4:0;5:0;6:0;7:0;8:0,1:16120;2:3580;3:270;4:0;5:0;6:0;7:0;8:0,1:17730;2:3940;3:300;4:0;5:0;6:0;7:0;8:0,1:19500;2:4330;3:320;4:0;5:0;6:0;7:0;8:0,1:21450;2:4770;3:360;4:0;5:0;6:0;7:0;8:0,1:23600;2:5240;3:390;4:0;5:0;6:0;7:0;8:0,0,0,1,10:15:24:13:16,0.35;0;0,H_HeroList_icon_mojiezuo,H_HeroList_icon_mojiezuo,H_HeroStar_MJ,12:22:1:19,,1:117;2:21;3:2
1022,1022,0,2,1,1,1,29001022:40,1:29001022:6;2:29001022:12;3:29001022:30;4:29001022:60;5:29001022:120;6:29001022:192;,3100200;3100201;3100202;3100203,3102205:1;3102206:1;3102207:1,0,1:1319;2:275;3:20;4:95;5:1000;6:15000;7:0;8:0;23:5000,1:15380;2:3420;3:260;4:0;5:0;6:0;7:0;8:0,1:16920;2:3760;3:280;4:0;5:0;6:0;7:0;8:0,1:18620;2:4140;3:310;4:0;5:0;6:0;7:0;8:0,1:20480;2:4550;3:340;4:0;5:0;6:0;7:0;8:0,1:22520;2:5010;3:380;4:0;5:0;6:0;7:0;8:0,1:24780;2:5510;3:410;4:0;5:0;6:0;7:0;8:0,0,0,1,10:15:24:13:16,0.35;0;0,H_HeroList_icon_shuipingzuo,H_HeroList_icon_shuipingzuo,H_HeroStar_SP,1:20:2:18,,1:117;2:21;3:2
1023,1023,0,2,1,1,1,29001023:40,1:29001023:6;2:29001023:12;3:29001023:30;4:29001023:60;5:29001023:120;6:29001023:192;,3100200;3100201;3100202;3100203,3102305:1;3102306:1;3102307:1,0,1:1199;2:235;3:20;4:95;5:1000;6:15000;7:0;8:0;23:5000,1:15380;2:3420;3:260;4:0;5:0;6:0;7:0;8:0,1:16920;2:3760;3:280;4:0;5:0;6:0;7:0;8:0,1:18620;2:4140;3:310;4:0;5:0;6:0;7:0;8:0,1:20480;2:4550;3:340;4:0;5:0;6:0;7:0;8:0,1:22520;2:5010;3:380;4:0;5:0;6:0;7:0;8:0,1:24780;2:5510;3:410;4:0;5:0;6:0;7:0;8:0,0,0,1,10:15:24:13:16,0.35;0;0,H_HeroList_icon_shuangyuzuo,H_HeroList_icon_shuangyuzuo,H_HeroStar_SY,2:19:3:20,,1:117;2:21;3:2
1024,1024,0,2,1,1,1,29001024:40,1:29001024:6;2:29001024:12;3:29001024:30;4:29001024:60;5:29001024:120;6:29001024:192;,3100200;3100201;3100202;3100203,3102405:1;3102406:1;3102407:1,0,1:1239;2:305;3:20;4:95;5:1000;6:15000;7:0;8:0;23:5000,1:15380;2:3420;3:260;4:0;5:0;6:0;7:0;8:0,1:16920;2:3760;3:280;4:0;5:0;6:0;7:0;8:0,1:18620;2:4140;3:310;4:0;5:0;6:0;7:0;8:0,1:20480;2:4550;3:340;4:0;5:0;6:0;7:0;8:0,1:22520;2:5010;3:380;4:0;5:0;6:0;7:0;8:0,1:24780;2:5510;3:410;4:0;5:0;6:0;7:0;8:0,0,0,1,10:15:24:13:16,0.35;0;0,H_HeroList_icon_shefuzuo,H_HeroList_icon_shefuzuo,H_HeroStar_SF,?:?:?:?,,1:117;2:21;3:2
1025,1025,0,2,1,1,1,29001025:40,1:29001025:6;2:29001025:12;3:29001025:30;4:29001025:60;5:29001025:120;6:29001025:192;,3100200;3100201;3100202;3100203,3102505:1;3102506:1;3102507:1,0,1:1180;2:292;3:19;4:90;5:1000;6:15000;7:0;8:0;23:5000,1:14650;2:3260;3:240;4:0;5:0;6:0;7:0;8:0,1:16120;2:3580;3:270;4:0;5:0;6:0;7:0;8:0,1:17730;2:3940;3:300;4:0;5:0;6:0;7:0;8:0,1:19500;2:4330;3:320;4:0;5:0;6:0;7:0;8:0,1:21450;2:4770;3:360;4:0;5:0;6:0;7:0;8:0,1:23600;2:5240;3:390;4:0;5:0;6:0;7:0;8:0,0,0,1,10:15:24:13:16,0.35;0;0,H_HeroList_icon_jinniuzuo,H_HeroList_icon_jinniuzuo,H_HeroStar_JN,4:20:5:20,,1:117;2:21;3:2
1026,1026,0,2,1,1,1,29001026:40,1:29001026:6;2:29001026:12;3:29001026:30;4:29001026:60;5:29001026:120;6:29001026:192;,3100200;3100201;3100202;3100203,3102605:1;3102606:1;3102607:1,0,1:1752;2:266;3:27;4:95;5:0;6:15000;7:0;8:0;23:5000,1:21740;2:2710;3:340;4:0;5:0;6:0;7:0;8:0,1:23910;2:2990;3:380;4:0;5:0;6:0;7:0;8:0,1:26310;2:3290;3:410;4:0;5:0;6:0;7:0;8:0,1:28940;2:3610;3:450;4:0;5:0;6:0;7:0;8:0,1:31830;2:3980;3:500;4:0;5:0;6:0;7:0;8:0,1:35020;2:4380;3:550;4:0;5:0;6:0;7:0;8:0,0,0,1,10:15:24:13:16,0.35;0;0,H_HeroList_icon_shuangzizuo,H_HeroList_icon_shuangzizuo,H_HeroStar_SZ,5:21:6:20,,1:117;2:21;3:2
1027,1027,0,2,1,1,1,29001027:40,1:29001027:6;2:29001027:12;3:29001027:30;4:29001027:60;5:29001027:120;6:29001027:192;,3100200;3100201;3100202;3100203,3102705:1;3102706:1;3102707:1,0,1:1180;2:292;3:19;4:90;5:1000;6:15000;7:0;8:0;23:5000,1:14650;2:3260;3:240;4:0;5:0;6:0;7:0;8:0,1:16120;2:3580;3:270;4:0;5:0;6:0;7:0;8:0,1:17730;2:3940;3:300;4:0;5:0;6:0;7:0;8:0,1:19500;2:4330;3:320;4:0;5:0;6:0;7:0;8:0,1:21450;2:4770;3:360;4:0;5:0;6:0;7:0;8:0,1:23600;2:5240;3:390;4:0;5:0;6:0;7:0;8:0,0,0,1,10:15:24:13:16,0.35;0;0,H_HeroList_icon_juxiezuo,H_HeroList_icon_juxiezuo,H_HeroStar_JX,6:21:7:21,,1:117;2:21;3:2
1028,1028,0,2,1,1,1,29001028:40,1:29001028:6;2:29001028:12;3:29001028:30;4:29001028:60;5:29001028:120;6:29001028:192;,3100200;3100201;3100202;3100203,3102805:1;3102806:1;3102807:1,0,1:1309;2:275;3:20;4:95;5:1000;6:15000;7:0;8:0;23:5000,1:15380;2:3420;3:260;4:0;5:0;6:0;7:0;8:0,1:16920;2:3760;3:280;4:0;5:0;6:0;7:0;8:0,1:18620;2:4140;3:310;4:0;5:0;6:0;7:0;8:0,1:20480;2:4550;3:340;4:0;5:0;6:0;7:0;8:0,1:22520;2:5010;3:380;4:0;5:0;6:0;7:0;8:0,1:24780;2:5510;3:410;4:0;5:0;6:0;7:0;8:0,0,0,1,10:15:24:13:16,0.35;0;0,H_HeroList_icon_shizizuo,H_HeroList_icon_shizizuo,H_HeroStar_ShiZ,7:22:8:22,,1:117;2:21;3:2
1029,1029,0,2,1,1,1,29001029:40,1:29001029:6;2:29001029:12;3:29001029:30;4:29001029:60;5:29001029:120;6:29001029:192;,3100200;3100201;3100202;3100203,3102905:1;3102906:1;3102907:1,0,1:1276;2:312;3:20;4:95;5:1000;6:15000;7:0;8:0;23:5000,1:15380;2:3420;3:260;4:0;5:0;6:0;7:0;8:0,1:16920;2:3760;3:280;4:0;5:0;6:0;7:0;8:0,1:18620;2:4140;3:310;4:0;5:0;6:0;7:0;8:0,1:20480;2:4550;3:340;4:0;5:0;6:0;7:0;8:0,1:22520;2:5010;3:380;4:0;5:0;6:0;7:0;8:0,1:24780;2:5510;3:410;4:0;5:0;6:0;7:0;8:0,0,0,1,10:15:24:13:16,0.35;0;0,H_HeroList_icon_chunvzuo,H_HeroList_icon_chunvzuo,H_HeroStar_CN,8:23:9:22,,1:117;2:21;3:2
1030,1030,0,2,1,1,1,29001030:40,1:29001030:6;2:29001030:12;3:29001030:30;4:29001030:60;5:29001030:120;6:29001030:192;,3103001;3103002;3103003;3103011;3103012;3103013;3103021;3103022,3103005:1;3103006:1;3103007:1,3103001;3103011;3103021,1:1239;2:335;3:20;4:95;5:1000;6:15000;7:0;8:0;23:5000,1:15380;2:3420;3:260;4:0;5:0;6:0;7:0;8:0,1:16920;2:3760;3:280;4:0;5:0;6:0;7:0;8:0,1:18620;2:4140;3:310;4:0;5:0;6:0;7:0;8:0,1:20480;2:4550;3:340;4:0;5:0;6:0;7:0;8:0,1:22520;2:5010;3:380;4:0;5:0;6:0;7:0;8:0,1:24780;2:5510;3:410;4:0;5:0;6:0;7:0;8:0,0,0,1,10:15:24:13:16,0.35;0;0,H_HeroList_icon_tianchengzuo,H_HeroList_icon_tianchengzuo01,H_HeroStar_TP,9:23:10:22,,1:117;2:21;3:2
1031,1031,1,2,3,1,1,29001031:70,1:29001031:8;2:29001031:16;3:29001031:42;4:29001031:84;5:29001031:168;6:29001031:276;,3103101;3103102;3103121;3103122;3103161,3103141:1;3103142:1;3103143:1;3103144:1;3103145:1;3999941:1,3103101;3103102;3103121;3103122;3103161,1:4140;2:732;3:19;4:105;5:0;6:15000;7:0;8:0;23:5000,1:8711;2:6663;3:262;4:0;5:34;6:34;7:0;8:0,1:8711;2:6663;3:262;4:0;5:34;6:34;7:0;8:0,1:14273;2:7320;3:268;4:0;5:34;6:34;7:0;8:0,1:17689;2:7884;3:279;4:0;5:34;6:34;7:0;8:0,1:21589;2:8865;3:307;4:0;5:34;6:34;7:0;8:0,1:24166;2:9513;3:325;4:0;5:34;6:34;7:0;8:0,0,100,1,19:14:15:12:22,0.35;0;0,H_HeroList_icon_shefuzuo,H_HeroList_icon_shefuzuo,H_HeroStar_SF,?:?:?:?,,1:154;2:172;3:3
1032,1032,1,2,3,1,2,29001032:70,1:29001032:6;2:29001032:12;3:29001032:30;4:29001032:60;5:29001032:120;6:29001032:192;,3103201;3103202;3103221,3103241:1;3103242:1;3999941:1,3103201;3103202;3103221,1:5757;2:485;3:22;4:128;5:0;6:15000;7:0;8:0;23:5000,1:12114;2:4407;3:400;4:0;5:0;6:0;7:0;8:0,1:12114;2:4407;3:400;4:0;5:0;6:0;7:0;8:0,1:19848;2:4842;3:410;4:0;5:0;6:0;7:0;8:0,1:24599;2:5215;3:426;4:0;5:0;6:0;7:0;8:0,1:30021;2:5863;3:468;4:0;5:0;6:0;7:0;8:0,1:33605;2:6292;3:496;4:0;5:0;6:0;7:0;8:0,0,0,1,13:19:17:20:11,0.35;0;0,H_HeroList_icon_shuangyuzuo,H_HeroList_icon_shuangyuzuo,H_HeroStar_SY,2:19:3:20,,1:363;2:64;3:6
1033,1033,1,2,3,2,3,29001033:70,1:29001033:8;2:29001033:16;3:29001033:42;4:29001033:84;5:29001033:168;6:29001033:276;,3103301;3103302;3103321,3103341:1;3103342:1;3103343:1;3999941:1,3103301;3103302;3103321,1:4752;2:606;3:19;4:120;5:0;6:15000;7:0;8:0;23:5000,1:9999;2:5511;3:335;4:0;5:17;6:17;7:0;8:0,1:9999;2:5511;3:335;4:0;5:17;6:17;7:0;8:0,1:16383;2:6055;3:344;4:0;5:17;6:17;7:0;8:0,1:20304;2:6521;3:357;4:0;5:17;6:17;7:0;8:0,1:24780;2:7332;3:393;4:0;5:17;6:17;7:0;8:0,1:27739;2:7869;3:416;4:0;5:17;6:17;7:0;8:0,750,20,1,16:16:15:17:26,0.35;0;0,H_HeroList_icon_shuangzizuo,H_HeroList_icon_shuangzizuo,H_HeroStar_SZ,5:21:6:20,,1:225;2:111;3:5
1034,1034,1,2,4,1,2,29001034:160,1:29001034:6;2:29001034:12;3:29001034:32;4:29001034:64;5:29001034:128;6:29001034:224;,3103401;3103402;3103421;3103422;3103461,3103441:1;3103442:1;3103443:1;3103444:1;3999941:1,3103401;3103402;3103421;3103422;3103461,1:4275;2:753;3:19;4:108;5:0;6:15000;7:0;8:0;23:5000,1:8996;2:6846;3:268;4:0;5:34;6:34;7:0;8:0,1:8996;2:6846;3:268;4:0;5:34;6:34;7:0;8:0,1:14738;2:7522;3:274;4:0;5:34;6:34;7:0;8:0,1:18266;2:8101;3:285;4:0;5:34;6:34;7:0;8:0,1:22293;2:9108;3:314;4:0;5:34;6:34;7:0;8:0,1:24954;2:9775;3:332;4:0;5:34;6:34;7:0;8:0,0,0,1,20:14:15:13:30,0.35;0;0,H_HeroList_icon_shuipingzuo,H_HeroList_icon_shuipingzuo,H_HeroStar_SP,1:20:2:18,,1:342;2:75;3:6
1035,1035,0,2,1,1,1,29001035:40,1:29001035:6;2:29001035:12;3:29001035:30;4:29001035:60;5:29001035:120;6:29001035:192;,3100200;3100201;3100202;3100203,3103505:1;3103506:1;3103507:1,0,1:1180;2:262;3:19;4:90;5:1000;6:15000;7:0;8:0;23:5000,1:14650;2:3260;3:240;4:0;5:0;6:0;7:0;8:0,1:16120;2:3580;3:270;4:0;5:0;6:0;7:0;8:0,1:17730;2:3940;3:300;4:0;5:0;6:0;7:0;8:0,1:19500;2:4330;3:320;4:0;5:0;6:0;7:0;8:0,1:21450;2:4770;3:360;4:0;5:0;6:0;7:0;8:0,1:23600;2:5240;3:390;4:0;5:0;6:0;7:0;8:0,0,0,1,10:15:24:13:16,0.35;0;0,H_HeroList_icon_shuangyuzuo,H_HeroList_icon_shuangyuzuo,H_HeroStar_SY,2:19:3:20,,1:117;2:21;3:2
1036,1036,0,2,1,1,1,29001036:40,1:29001036:6;2:29001036:12;3:29001036:30;4:29001036:60;5:29001036:120;6:29001036:192;,3100200;3100201;3100202;3100203,3103605:1;3103606:1;3103607:1,0,1:1301;2:409;3:21;4:100;5:1000;6:15000;7:0;8:0;23:5000,1:16150;2:3700;3:270;4:0;5:0;6:0;7:0;8:0,1:17770;2:4070;3:300;4:0;5:0;6:0;7:0;8:0,1:19550;2:4470;3:330;4:0;5:0;6:0;7:0;8:0,1:21500;2:4920;3:360;4:0;5:0;6:0;7:0;8:0,1:23650;2:5420;3:390;4:0;5:0;6:0;7:0;8:0,1:26020;2:5950;3:430;4:0;5:0;6:0;7:0;8:0,0,0,1,10:15:24:13:16,0.35;0;0,H_HeroList_icon_shefuzuo,H_HeroList_icon_shefuzuo,H_HeroStar_SF,?:?:?:?,,1:117;2:21;3:2
1037,1037,0,2,1,1,1,29001037:40,1:29001037:6;2:29001037:12;3:29001037:30;4:29001037:60;5:29001037:120;6:29001037:192;,3100200;3100201;3100202;3100203,3103705:1;3103706:1;3103707:1,0,1:3422;2:759;3:65;4:101;5:0;6:15000;7:0;8:0;23:5000,1:16150;2:3590;3:270;4:0;5:0;6:0;7:0;8:0,1:17770;2:3950;3:300;4:0;5:0;6:0;7:0;8:0,1:19550;2:4340;3:330;4:0;5:0;6:0;7:0;8:0,1:21500;2:4780;3:360;4:0;5:0;6:0;7:0;8:0,1:23650;2:5260;3:390;4:0;5:0;6:0;7:0;8:0,1:26020;2:5780;3:430;4:0;5:0;6:0;7:0;8:0,0,0,1,10:15:24:13:16,0.35;0;0,H_HeroList_icon_jinniuzuo,H_HeroList_icon_jinniuzuo,H_HeroStar_JN,4:20:5:20,,1:117;2:21;3:2
1038,1038,1,2,4,1,2,29001038:160,1:29001038:6;2:29001038:12;3:29001038:32;4:29001038:64;5:29001038:128;6:29001038:224;,3103801;3103802;3103803;3103821,3103841:1;3103842:1;3103843:1;3103844:1;3103845:1;3103846:1;3999941:1,3103801;3103802;3103821,1:7182;2:581;3:27;4:125;5:0;6:15000;7:0;8:0;23:5000,1:15112;2:5289;3:484;4:0;5:0;6:0;7:0;8:0,1:15112;2:5289;3:484;4:0;5:0;6:0;7:0;8:0,1:24761;2:5810;3:497;4:0;5:0;6:0;7:0;8:0,1:30687;2:6258;3:517;4:0;5:0;6:0;7:0;8:0,1:37452;2:7036;3:568;4:0;5:0;6:0;7:0;8:0,1:41923;2:7551;3:601;4:0;5:0;6:0;7:0;8:0,750,20,1,15:24:21:19:10,0.35;0;0,H_HeroList_icon_shuipingzuo,H_HeroList_icon_shuipingzuo,H_HeroStar_SP,1:20:2:18,,1:378;2:64;3:6
1039,1039,0,2,1,1,1,29001039:40,1:29001039:6;2:29001039:12;3:29001039:30;4:29001039:60;5:29001039:120;6:29001039:192;,3100200;3100201;3100202;3100203,3103905:1;3103906:1;3103907:1,0,1:1301;2:289;3:21;4:100;5:1000;6:15000;7:0;8:0;23:5000,1:16150;2:3590;3:270;4:0;5:0;6:0;7:0;8:0,1:17770;2:3950;3:300;4:0;5:0;6:0;7:0;8:0,1:19550;2:4340;3:330;4:0;5:0;6:0;7:0;8:0,1:21500;2:4780;3:360;4:0;5:0;6:0;7:0;8:0,1:23650;2:5260;3:390;4:0;5:0;6:0;7:0;8:0,1:26020;2:5780;3:430;4:0;5:0;6:0;7:0;8:0,0,0,1,10:15:24:13:16,0.35;0;0,H_HeroList_icon_juxiezuo,H_HeroList_icon_juxiezuo,H_HeroStar_JX,6:21:7:21,,1:117;2:21;3:2
1040,1040,0,2,1,1,1,29001040:40,1:29001040:6;2:29001040:12;3:29001040:30;4:29001040:60;5:29001040:120;6:29001040:192;,3100200;3100201;3100202;3100203,3104005:1;3104006:1;3104007:1,0,1:1301;2:369;3:21;4:100;5:1000;6:15000;7:0;8:0;23:5000,1:16150;2:3590;3:270;4:0;5:0;6:0;7:0;8:0,1:17770;2:3950;3:300;4:0;5:0;6:0;7:0;8:0,1:19550;2:4340;3:330;4:0;5:0;6:0;7:0;8:0,1:21500;2:4780;3:360;4:0;5:0;6:0;7:0;8:0,1:23650;2:5260;3:390;4:0;5:0;6:0;7:0;8:0,1:26020;2:5780;3:430;4:0;5:0;6:0;7:0;8:0,0,0,1,10:15:24:13:16,0.35;0;0,H_HeroList_icon_shizizuo,H_HeroList_icon_shizizuo,H_HeroStar_ShiZ,7:22:8:22,,1:117;2:21;3:2
1041,1041,0,2,1,1,1,29001041:40,1:29001041:6;2:29001041:12;3:29001041:30;4:29001041:60;5:29001041:120;6:29001041:192;,3100200;3100201;3100202;3100203,3104105:1;3104106:1;3104107:1,0,1:1301;2:289;3:21;4:100;5:1000;6:15000;7:0;8:0;23:5000,1:16150;2:3590;3:270;4:0;5:0;6:0;7:0;8:0,1:17770;2:3950;3:300;4:0;5:0;6:0;7:0;8:0,1:19550;2:4340;3:330;4:0;5:0;6:0;7:0;8:0,1:21500;2:4780;3:360;4:0;5:0;6:0;7:0;8:0,1:23650;2:5260;3:390;4:0;5:0;6:0;7:0;8:0,1:26020;2:5780;3:430;4:0;5:0;6:0;7:0;8:0,0,0,1,10:15:24:13:16,0.35;0;0,H_HeroList_icon_chunvzuo,H_HeroList_icon_chunvzuo,H_HeroStar_CN,8:23:9:22,,1:117;2:21;3:2
1042,1042,0,2,1,1,1,29001042:40,1:29001042:6;2:29001042:12;3:29001042:30;4:29001042:60;5:29001042:120;6:29001042:192;,3100200;3100201;3100202;3100203,3104205:1;3104206:1;3104207:1,0,1:1371;2:359;3:21;4:100;5:1000;6:15000;7:0;8:0;23:5000,1:16150;2:3590;3:270;4:0;5:0;6:0;7:0;8:0,1:17770;2:3950;3:300;4:0;5:0;6:0;7:0;8:0,1:19550;2:4340;3:330;4:0;5:0;6:0;7:0;8:0,1:21500;2:4780;3:360;4:0;5:0;6:0;7:0;8:0,1:23650;2:5260;3:390;4:0;5:0;6:0;7:0;8:0,1:26020;2:5780;3:430;4:0;5:0;6:0;7:0;8:0,0,0,1,10:15:24:13:16,0.35;0;0,H_HeroList_icon_tianchengzuo,H_HeroList_icon_tianchengzuo01,H_HeroStar_TP,9:23:10:22,,1:117;2:21;3:2
1043,1043,0,2,1,1,1,29001043:40,1:29001043:6;2:29001043:12;3:29001043:30;4:29001043:60;5:29001043:120;6:29001043:192;,3100200;3100201;3100202;3100203,3104305:1;3104306:1;3104307:1,0,1:1301;2:329;3:21;4:100;5:1000;6:15000;7:0;8:0;23:5000,1:16150;2:3590;3:270;4:0;5:0;6:0;7:0;8:0,1:17770;2:3950;3:300;4:0;5:0;6:0;7:0;8:0,1:19550;2:4340;3:330;4:0;5:0;6:0;7:0;8:0,1:21500;2:4780;3:360;4:0;5:0;6:0;7:0;8:0,1:23650;2:5260;3:390;4:0;5:0;6:0;7:0;8:0,1:26020;2:5780;3:430;4:0;5:0;6:0;7:0;8:0,0,0,1,10:15:24:13:16,0.35;0;0,H_HeroList_icon_tianxiezuo,H_HeroList_icon_tianxiezuo,H_HeroStar_TX,10:23:11:21,,1:117;2:21;3:2
1044,1044,0,2,1,1,1,29001044:40,1:29001044:6;2:29001044:12;3:29001044:30;4:29001044:60;5:29001044:120;6:29001044:192;,3104401;3104402;3104411;3104412;3104421,3104405:1;3104406:1;3104407:1,3104401;3104411;3104421,1:1301;2:329;3:21;4:100;5:1000;6:15000;7:0;8:0;23:5000,1:16150;2:3590;3:270;4:0;5:0;6:0;7:0;8:0,1:17770;2:3950;3:300;4:0;5:0;6:0;7:0;8:0,1:19550;2:4340;3:330;4:0;5:0;6:0;7:0;8:0,1:21500;2:4780;3:360;4:0;5:0;6:0;7:0;8:0,1:23650;2:5260;3:390;4:0;5:0;6:0;7:0;8:0,1:26020;2:5780;3:430;4:0;5:0;6:0;7:0;8:0,0,0,1,10:15:24:13:16,0.35;0;0,H_HeroList_icon_sheshouzuo,H_HeroList_icon_sheshouzuo,H_HeroStar_SS,11:22:12:21,,1:117;2:21;3:2
1045,1045,0,2,1,1,1,29001045:40,1:29001045:6;2:29001045:12;3:29001045:30;4:29001045:60;5:29001045:120;6:29001045:192;,3100200;3100201;3100202;3100203,3104505:1;3104506:1;3104507:1,0,1:1180;2:262;3:19;4:90;5:1000;6:15000;7:0;8:0;23:5000,1:14650;2:3260;3:240;4:0;5:0;6:0;7:0;8:0,1:16120;2:3580;3:270;4:0;5:0;6:0;7:0;8:0,1:17730;2:3940;3:300;4:0;5:0;6:0;7:0;8:0,1:19500;2:4330;3:320;4:0;5:0;6:0;7:0;8:0,1:21450;2:4770;3:360;4:0;5:0;6:0;7:0;8:0,1:23600;2:5240;3:390;4:0;5:0;6:0;7:0;8:0,0,0,1,10:15:24:13:16,0.35;0;0,H_HeroList_icon_mojiezuo,H_HeroList_icon_mojiezuo,H_HeroStar_MJ,12:22:1:19,,1:117;2:21;3:2
1046,1046,0,2,1,1,1,29001046:40,1:29001046:6;2:29001046:12;3:29001046:30;4:29001046:60;5:29001046:120;6:29001046:192;,3100200;3100201;3100202;3100203,3104605:1;3104606:1;3104607:1,0,1:1180;2:262;3:19;4:90;5:1000;6:15000;7:0;8:0;23:5000,1:14650;2:3260;3:240;4:0;5:0;6:0;7:0;8:0,1:16120;2:3580;3:270;4:0;5:0;6:0;7:0;8:0,1:17730;2:3940;3:300;4:0;5:0;6:0;7:0;8:0,1:19500;2:4330;3:320;4:0;5:0;6:0;7:0;8:0,1:21450;2:4770;3:360;4:0;5:0;6:0;7:0;8:0,1:23600;2:5240;3:390;4:0;5:0;6:0;7:0;8:0,0,0,1,10:15:24:13:16,0.35;0;0,H_HeroList_icon_shuipingzuo,H_HeroList_icon_shuipingzuo,H_HeroStar_SP,1:20:2:18,,1:117;2:21;3:2
1047,1047,1,2,4,1,2,29001047:160,1:29001047:6;2:29001047:12;3:29001047:30;4:29001047:60;5:29001047:120;6:29001047:192;,3104701;3104702;3104721;3104731;3104732,3104741:1;3104742:1;3104743:1;3999941:1,3104701;3104702;3104721;3104731;3104732,1:6498;2:734;3:34;4:130;5:0;6:15000;7:0;8:0;23:5000,1:13673;2:6680;3:460;4:0;5:0;6:0;7:0;8:0,1:13673;2:6680;3:460;4:0;5:0;6:0;7:0;8:0,1:22402;2:7339;3:472;4:0;5:0;6:0;7:0;8:0,1:27765;2:7904;3:491;4:0;5:0;6:0;7:0;8:0,1:33885;2:8888;3:539;4:0;5:0;6:0;7:0;8:0,1:37931;2:9538;3:571;4:0;5:0;6:0;7:0;8:0,0,0,1,19:22:27:21:22,0.35;0;0,H_HeroList_icon_shuangyuzuo,H_HeroList_icon_shuangyuzuo,H_HeroStar_SY,2:19:3:20,,1:159;2:190;3:4
1048,1048,0,2,1,1,1,29001048:40,1:29001048:6;2:29001048:12;3:29001048:30;4:29001048:60;5:29001048:120;6:29001048:192;,3100200;3100201;3100202;3100203,3104805:1;3104806:1;3104807:1,0,1:1597;2:1900;3:40;4:92;5:0;6:15000;7:0;8:0;23:5000,1:14650;2:3260;3:240;4:0;5:0;6:0;7:0;8:0,1:16120;2:3580;3:270;4:0;5:0;6:0;7:0;8:0,1:17730;2:3940;3:300;4:0;5:0;6:0;7:0;8:0,1:19500;2:4330;3:320;4:0;5:0;6:0;7:0;8:0,1:21450;2:4770;3:360;4:0;5:0;6:0;7:0;8:0,1:23600;2:5240;3:390;4:0;5:0;6:0;7:0;8:0,0,0,1,10:15:24:13:16,0.35;0;0,H_HeroList_icon_shefuzuo,H_HeroList_icon_shefuzuo,H_HeroStar_SF,?:?:?:?,,1:117;2:21;3:2
1049,1049,0,2,1,1,1,29001049:40,1:29001049:6;2:29001049:12;3:29001049:30;4:29001049:60;5:29001049:120;6:29001049:192;,3100200;3100201;3100202;3100203,3104905:1;3104906:1;3104907:1,0,1:1199;2:235;3:20;4:95;5:1000;6:15000;7:0;8:0;23:5000,1:15380;2:3420;3:260;4:0;5:0;6:0;7:0;8:0,1:16920;2:3760;3:280;4:0;5:0;6:0;7:0;8:0,1:18620;2:4140;3:310;4:0;5:0;6:0;7:0;8:0,1:20480;2:4550;3:340;4:0;5:0;6:0;7:0;8:0,1:22520;2:5010;3:380;4:0;5:0;6:0;7:0;8:0,1:24780;2:5510;3:410;4:0;5:0;6:0;7:0;8:0,0,0,1,10:15:24:13:16,0.35;0;0,H_HeroList_icon_jinniuzuo,H_HeroList_icon_jinniuzuo,H_HeroStar_JN,4:20:5:20,,1:117;2:21;3:2
1050,1050,0,2,1,1,1,29001050:40,1:29001050:6;2:29001050:12;3:29001050:30;4:29001050:60;5:29001050:120;6:29001050:192;,3100200;3100201;3100202;3100203,3105005:1;3105006:1;3105007:1,0,1:1180;2:262;3:19;4:90;5:1000;6:15000;7:0;8:0;23:5000,1:14650;2:3260;3:240;4:0;5:0;6:0;7:0;8:0,1:16120;2:3580;3:270;4:0;5:0;6:0;7:0;8:0,1:17730;2:3940;3:300;4:0;5:0;6:0;7:0;8:0,1:19500;2:4330;3:320;4:0;5:0;6:0;7:0;8:0,1:21450;2:4770;3:360;4:0;5:0;6:0;7:0;8:0,1:23600;2:5240;3:390;4:0;5:0;6:0;7:0;8:0,0,0,1,10:15:24:13:16,0.35;0;0,H_HeroList_icon_shuangzizuo,H_HeroList_icon_shuangzizuo,H_HeroStar_SZ,5:21:6:20,,1:117;2:21;3:2
1051,1051,0,2,1,1,1,29001051:40,1:29001051:6;2:29001051:12;3:29001051:30;4:29001051:60;5:29001051:120;6:29001051:192;,3100200;3100201;3100202;3100203,3105105:1;3105106:1;3105107:1,0,1:1301;2:289;3:21;4:100;5:1000;6:15000;7:0;8:0;23:5000,1:16150;2:3590;3:270;4:0;5:0;6:0;7:0;8:0,1:17770;2:3950;3:300;4:0;5:0;6:0;7:0;8:0,1:19550;2:4340;3:330;4:0;5:0;6:0;7:0;8:0,1:21500;2:4780;3:360;4:0;5:0;6:0;7:0;8:0,1:23650;2:5260;3:390;4:0;5:0;6:0;7:0;8:0,1:26020;2:5780;3:430;4:0;5:0;6:0;7:0;8:0,0,0,1,10:15:24:13:16,0.35;0;0,H_HeroList_icon_juxiezuo,H_HeroList_icon_juxiezuo,H_HeroStar_JX,6:21:7:21,,1:117;2:21;3:2
1052,1052,0,2,1,1,1,29001052:40,1:29001052:6;2:29001052:12;3:29001052:30;4:29001052:60;5:29001052:120;6:29001052:192;,3100200;3100201;3100202;3100203,3105205:1;3105206:1;3105207:1,0,1:1239;2:275;3:20;4:95;5:1000;6:15000;7:0;8:0;23:5000,1:15380;2:3420;3:260;4:0;5:0;6:0;7:0;8:0,1:16920;2:3760;3:280;4:0;5:0;6:0;7:0;8:0,1:18620;2:4140;3:310;4:0;5:0;6:0;7:0;8:0,1:20480;2:4550;3:340;4:0;5:0;6:0;7:0;8:0,1:22520;2:5010;3:380;4:0;5:0;6:0;7:0;8:0,1:24780;2:5510;3:410;4:0;5:0;6:0;7:0;8:0,0,0,1,10:15:24:13:16,0.35;0;0,H_HeroList_icon_shizizuo,H_HeroList_icon_shizizuo,H_HeroStar_ShiZ,7:22:8:22,,1:117;2:21;3:2
1053,1053,0,2,1,1,1,29001053:40,1:29001053:6;2:29001053:12;3:29001053:30;4:29001053:60;5:29001053:120;6:29001053:192;,3100200;3100201;3100202;3100203,3105305:1;3105306:1;3105307:1,0,1:1301;2:289;3:21;4:100;5:1000;6:15000;7:0;8:0;23:5000,1:16150;2:3590;3:270;4:0;5:0;6:0;7:0;8:0,1:17770;2:3950;3:300;4:0;5:0;6:0;7:0;8:0,1:19550;2:4340;3:330;4:0;5:0;6:0;7:0;8:0,1:21500;2:4780;3:360;4:0;5:0;6:0;7:0;8:0,1:23650;2:5260;3:390;4:0;5:0;6:0;7:0;8:0,1:26020;2:5780;3:430;4:0;5:0;6:0;7:0;8:0,0,0,1,10:15:24:13:16,0.35;0;0,H_HeroList_icon_chunvzuo,H_HeroList_icon_chunvzuo,H_HeroStar_CN,8:23:9:22,,1:117;2:21;3:2
1054,1054,0,2,1,1,1,29001054:40,1:29001054:6;2:29001054:12;3:29001054:30;4:29001054:60;5:29001054:120;6:29001054:192;,3100200;3100201;3100202;3100203,3105405:1;3105406:1;3105407:1,0,1:1301;2:289;3:21;4:100;5:1000;6:15000;7:0;8:0;23:5000,1:16150;2:3590;3:270;4:0;5:0;6:0;7:0;8:0,1:17770;2:3950;3:300;4:0;5:0;6:0;7:0;8:0,1:19550;2:4340;3:330;4:0;5:0;6:0;7:0;8:0,1:21500;2:4780;3:360;4:0;5:0;6:0;7:0;8:0,1:23650;2:5260;3:390;4:0;5:0;6:0;7:0;8:0,1:26020;2:5780;3:430;4:0;5:0;6:0;7:0;8:0,0,0,1,10:15:24:13:16,0.35;0;0,H_HeroList_icon_tianchengzuo,H_HeroList_icon_tianchengzuo01,H_HeroStar_TP,9:23:10:22,,1:117;2:21;3:2
1055,1055,0,2,1,1,1,29001055:40,1:29001055:6;2:29001055:12;3:29001055:30;4:29001055:60;5:29001055:120;6:29001055:192;,3100200;3100201;3100202;3100203,3105505:1;3105506:1;3105507:1,0,1:1301;2:379;3:21;4:100;5:1000;6:15000;7:0;8:0;23:5000,1:16150;2:3590;3:270;4:0;5:0;6:0;7:0;8:0,1:17770;2:3950;3:300;4:0;5:0;6:0;7:0;8:0,1:19550;2:4340;3:330;4:0;5:0;6:0;7:0;8:0,1:21500;2:4780;3:360;4:0;5:0;6:0;7:0;8:0,1:23650;2:5260;3:390;4:0;5:0;6:0;7:0;8:0,1:26020;2:5780;3:430;4:0;5:0;6:0;7:0;8:0,0,0,1,10:15:24:13:16,0.35;0;0,H_HeroList_icon_tianxiezuo,H_HeroList_icon_tianxiezuo,H_HeroStar_TX,10:23:11:21,,1:117;2:21;3:2
1056,1056,0,2,1,1,1,29001056:40,1:29001056:6;2:29001056:12;3:29001056:30;4:29001056:60;5:29001056:120;6:29001056:192;,3100200;3100201;3100202;3100203,3105605:1;3105606:1;3105607:1,0,1:1239;2:275;3:20;4:95;5:1000;6:15000;7:0;8:0;23:5000,1:15380;2:3420;3:260;4:0;5:0;6:0;7:0;8:0,1:16920;2:3760;3:280;4:0;5:0;6:0;7:0;8:0,1:18620;2:4140;3:310;4:0;5:0;6:0;7:0;8:0,1:20480;2:4550;3:340;4:0;5:0;6:0;7:0;8:0,1:22520;2:5010;3:380;4:0;5:0;6:0;7:0;8:0,1:24780;2:5510;3:410;4:0;5:0;6:0;7:0;8:0,0,0,1,10:15:24:13:16,0.35;0;0,H_HeroList_icon_sheshouzuo,H_HeroList_icon_sheshouzuo,H_HeroStar_SS,11:22:12:21,,1:117;2:21;3:2
1057,1057,0,2,1,1,1,29001057:40,1:29001057:6;2:29001057:12;3:29001057:30;4:29001057:60;5:29001057:120;6:29001057:192;,3100200;3100201;3100202;3100203,3105705:1;3105706:1;3105707:1,0,1:1180;2:262;3:19;4:90;5:1000;6:15000;7:0;8:0;23:5000,1:14650;2:3260;3:240;4:0;5:0;6:0;7:0;8:0,1:16120;2:3580;3:270;4:0;5:0;6:0;7:0;8:0,1:17730;2:3940;3:300;4:0;5:0;6:0;7:0;8:0,1:19500;2:4330;3:320;4:0;5:0;6:0;7:0;8:0,1:21450;2:4770;3:360;4:0;5:0;6:0;7:0;8:0,1:23600;2:5240;3:390;4:0;5:0;6:0;7:0;8:0,0,0,1,10:15:24:13:16,0.35;0;0,H_HeroList_icon_mojiezuo,H_HeroList_icon_mojiezuo,H_HeroStar_MJ,12:22:1:19,,1:117;2:21;3:2
1058,1058,0,2,1,1,1,29001058:40,1:29001058:6;2:29001058:12;3:29001058:30;4:29001058:60;5:29001058:120;6:29001058:192;,3100200;3100201;3100202;3100203,3105805:1;3105806:1;3105807:1,0,1:1180;2:262;3:19;4:90;5:1000;6:15000;7:0;8:0;23:5000,1:14650;2:3260;3:240;4:0;5:0;6:0;7:0;8:0,1:16120;2:3580;3:270;4:0;5:0;6:0;7:0;8:0,1:17730;2:3940;3:300;4:0;5:0;6:0;7:0;8:0,1:19500;2:4330;3:320;4:0;5:0;6:0;7:0;8:0,1:21450;2:4770;3:360;4:0;5:0;6:0;7:0;8:0,1:23600;2:5240;3:390;4:0;5:0;6:0;7:0;8:0,0,0,1,10:15:24:13:16,0.35;0;0,H_HeroList_icon_shuipingzuo,H_HeroList_icon_shuipingzuo,H_HeroStar_SP,1:20:2:18,,1:117;2:21;3:2
1059,1059,0,2,1,1,1,29001059:40,1:29001059:6;2:29001059:12;3:29001059:30;4:29001059:60;5:29001059:120;6:29001059:192;,3100200;3100201;3100202;3100203,3105905:1;3105906:1;3105907:1,0,1:1301;2:289;3:21;4:100;5:1000;6:15000;7:0;8:0;23:5000,1:16150;2:3590;3:270;4:0;5:0;6:0;7:0;8:0,1:17770;2:3950;3:300;4:0;5:0;6:0;7:0;8:0,1:19550;2:4340;3:330;4:0;5:0;6:0;7:0;8:0,1:21500;2:4780;3:360;4:0;5:0;6:0;7:0;8:0,1:23650;2:5260;3:390;4:0;5:0;6:0;7:0;8:0,1:26020;2:5780;3:430;4:0;5:0;6:0;7:0;8:0,0,0,1,10:15:24:13:16,0.35;0;0,H_HeroList_icon_shuangyuzuo,H_HeroList_icon_shuangyuzuo,H_HeroStar_SY,2:19:3:20,,1:117;2:21;3:2
1060,1060,0,2,1,1,1,29001060:40,1:29001060:6;2:29001060:12;3:29001060:30;4:29001060:60;5:29001060:120;6:29001060:192;,3106001;3106002;3106011;3106012;3106021,3105905:1;3105906:1;3105907:1,3106001;3106011;3106021,1:1301;2:289;3:21;4:100;5:1000;6:15000;7:0;8:0;23:5000,1:16150;2:3590;3:270;4:0;5:0;6:0;7:0;8:0,1:17770;2:3950;3:300;4:0;5:0;6:0;7:0;8:0,1:19550;2:4340;3:330;4:0;5:0;6:0;7:0;8:0,1:21500;2:4780;3:360;4:0;5:0;6:0;7:0;8:0,1:23650;2:5260;3:390;4:0;5:0;6:0;7:0;8:0,1:26020;2:5780;3:430;4:0;5:0;6:0;7:0;8:0,0,0,1,10:15:24:13:16,0.35;0;0,H_HeroList_icon_shefuzuo,H_HeroList_icon_shefuzuo,H_HeroStar_SF,?:?:?:?,,1:130;2:189;3:2
1201,1201,1,2,3,1,3,29001201:70,1:29001201:8;2:29001201:16;3:29001201:42;4:29001201:84;5:29001201:168;6:29001201:276;,3120101;3120102;3120121,3120141:1;3120142:1;3120143:1;3999941:1,3120101;3120102;3120121,1:5280;2:551;3:17;4:121;5:0;6:15000;7:0;8:0;23:5000,1:11110;2:5010;3:312;4:0;5:17;6:17;7:0;8:0,1:11110;2:5010;3:312;4:0;5:17;6:17;7:0;8:0,1:18203;2:5504;3:320;4:0;5:17;6:17;7:0;8:0,1:22560;2:5928;3:333;4:0;5:17;6:17;7:0;8:0,1:27534;2:6666;3:366;4:0;5:17;6:17;7:0;8:0,1:30821;2:7153;3:387;4:0;5:17;6:17;7:0;8:0,0,0,1,14:18:14:18:15,0.35;0;0,H_HeroList_icon_chunvzuo,H_HeroList_icon_chunvzuo,H_HeroStar_CN,8:23:9:22,,1:236;2:114;3:5
1202,1202,1,2,3,1,1,29001202:70,1:29001202:8;2:29001202:16;3:29001202:42;4:29001202:84;5:29001202:168;6:29001202:276;,3120201;3120202;3120221;312022;3120261,3120241:1;3120242:1;3120243:1;3120244:1;3999941:1,3120201;3120202;3120221;3120222;3120261,1:4050;2:746;3:19;4:104;5:0;6:15000;7:0;8:0;23:5000,1:8522;2:6785;3:262;4:0;5:34;6:34;7:0;8:0,1:8522;2:6785;3:262;4:0;5:34;6:34;7:0;8:0,1:13963;2:7454;3:268;4:0;5:34;6:34;7:0;8:0,1:17305;2:8028;3:279;4:0;5:34;6:34;7:0;8:0,1:21120;2:9027;3:307;4:0;5:34;6:34;7:0;8:0,1:23641;2:9687;3:325;4:0;5:34;6:34;7:0;8:0,0,0,1,19:13:15:12:19,0.35;0;0,H_HeroList_icon_chunvzuo,H_HeroList_icon_chunvzuo,H_HeroStar_CN,8:23:9:22,,1:151;2:175;3:3
1203,1203,0,2,1,1,1,29001203:40,1:29001203:6;2:29001203:12;3:29001203:30;4:29001203:60;5:29001203:120;6:29001203:192;,3100200;3100201;3100202;3100203,3106205:1;3106206:1;3106207:1,0,1:1180;2:262;3:19;4:90;5:1000;6:15000;7:0;8:0;23:5000,1:14650;2:3260;3:240;4:0;5:0;6:0;7:0;8:0,1:16120;2:3580;3:270;4:0;5:0;6:0;7:0;8:0,1:17730;2:3940;3:300;4:0;5:0;6:0;7:0;8:0,1:19500;2:4330;3:320;4:0;5:0;6:0;7:0;8:0,1:21450;2:4770;3:360;4:0;5:0;6:0;7:0;8:0,1:23600;2:5240;3:390;4:0;5:0;6:0;7:0;8:0,0,0,1,10:15:24:13:16,0.35;0;0,H_HeroList_icon_juxiezuo,H_HeroList_icon_juxiezuo,H_HeroStar_JX,6:21:7:21,,1:117;2:21;3:2
1204,1204,0,2,2,2,3,29001204:24,1:29001204:7;2:29001204:14;3:29001204:36;4:29001204:72;5:29001204:144;6:29001204:240;,3120401;3120421;3120422;3120423;3120424;3120425;3120426;3120441,3120405:1;3120406:1;3120407:1,3120401;3120421;3120422;3120441,1:7220;2:2448;3:31;4:101;5:0;6:15000;7:0;8:0;23:5000,1:7630;2:6996;3:31;4:0;5:17;6:17;7:0;8:0,1:7630;2:6996;3:31;4:0;5:17;6:17;7:0;8:0,1:14963;2:8925;3:60;4:0;5:17;6:17;7:0;8:0,1:21006;2:10941;3:85;4:0;5:17;6:17;7:0;8:0,1:27204;2:13277;3:110;4:0;5:17;6:17;7:0;8:0,1:34203;2:16085;3:138;4:0;5:17;6:17;7:0;8:0,0,0,1,12:10:22:13:12,0.35;0;0,H_HeroList_icon_tianchengzuo,H_HeroList_icon_tianchengzuo01,H_HeroStar_TP,9:23:10:22,,1:117;2:21;3:2
1205,1205,0,2,1,1,1,29001205:40,1:29001205:6;2:29001205:12;3:29001205:30;4:29001205:60;5:29001205:120;6:29001205:192;,3100200;3100201;3100202;3100203,3106405:1;3106406:1;3106407:1,0,1:1239;2:275;3:20;4:95;5:1000;6:15000;7:0;8:0;23:5000,1:15380;2:3420;3:260;4:0;5:0;6:0;7:0;8:0,1:16920;2:3760;3:280;4:0;5:0;6:0;7:0;8:0,1:18620;2:4140;3:310;4:0;5:0;6:0;7:0;8:0,1:20480;2:4550;3:340;4:0;5:0;6:0;7:0;8:0,1:22520;2:5010;3:380;4:0;5:0;6:0;7:0;8:0,1:24780;2:5510;3:410;4:0;5:0;6:0;7:0;8:0,0,0,1,10:15:24:13:16,0.35;0;0,H_HeroList_icon_chunvzuo,H_HeroList_icon_chunvzuo,H_HeroStar_CN,8:23:9:22,,1:117;2:21;3:2
1206,1206,0,2,1,1,1,29001206:40,1:29001206:6;2:29001206:12;3:29001206:30;4:29001206:60;5:29001206:120;6:29001206:192;,3100200;3100201;3100202;3100203,3106505:1;3106506:1;3106507:1,0,1:1239;2:275;3:20;4:95;5:1000;6:15000;7:0;8:0;23:5000,1:15380;2:3420;3:260;4:0;5:0;6:0;7:0;8:0,1:16920;2:3760;3:280;4:0;5:0;6:0;7:0;8:0,1:18620;2:4140;3:310;4:0;5:0;6:0;7:0;8:0,1:20480;2:4550;3:340;4:0;5:0;6:0;7:0;8:0,1:22520;2:5010;3:380;4:0;5:0;6:0;7:0;8:0,1:24780;2:5510;3:410;4:0;5:0;6:0;7:0;8:0,0,0,1,10:15:24:13:16,0.35;0;0,H_HeroList_icon_tianchengzuo,H_HeroList_icon_tianchengzuo01,H_HeroStar_TP,9:23:10:22,,1:117;2:21;3:2
1207,1207,0,2,1,1,1,29001207:40,1:29001207:6;2:29001207:12;3:29001207:30;4:29001207:60;5:29001207:120;6:29001207:192;,3100200;3100201;3100202;3100203,3106605:1;3106606:1;3106607:1,0,1:1239;2:275;3:20;4:95;5:1000;6:15000;7:0;8:0;23:5000,1:15380;2:3420;3:260;4:0;5:0;6:0;7:0;8:0,1:16920;2:3760;3:280;4:0;5:0;6:0;7:0;8:0,1:18620;2:4140;3:310;4:0;5:0;6:0;7:0;8:0,1:20480;2:4550;3:340;4:0;5:0;6:0;7:0;8:0,1:22520;2:5010;3:380;4:0;5:0;6:0;7:0;8:0,1:24780;2:5510;3:410;4:0;5:0;6:0;7:0;8:0,0,0,1,10:15:24:13:16,0.35;0;0,H_HeroList_icon_tianxiezuo,H_HeroList_icon_tianxiezuo,H_HeroStar_TX,10:23:11:21,,1:117;2:21;3:2
1208,1208,0,2,1,1,1,29001208:40,1:29001208:6;2:29001208:12;3:29001208:30;4:29001208:60;5:29001208:120;6:29001208:192;,3100200;3100201;3100202;3100203,3106705:1;3106706:1;3106707:1,0,1:1239;2:275;3:20;4:95;5:1000;6:15000;7:0;8:0;23:5000,1:15380;2:3420;3:260;4:0;5:0;6:0;7:0;8:0,1:16920;2:3760;3:280;4:0;5:0;6:0;7:0;8:0,1:18620;2:4140;3:310;4:0;5:0;6:0;7:0;8:0,1:20480;2:4550;3:340;4:0;5:0;6:0;7:0;8:0,1:22520;2:5010;3:380;4:0;5:0;6:0;7:0;8:0,1:24780;2:5510;3:410;4:0;5:0;6:0;7:0;8:0,0,0,1,10:15:24:13:16,0.35;0;0,H_HeroList_icon_sheshouzuo,H_HeroList_icon_sheshouzuo,H_HeroStar_SS,11:22:12:21,,1:117;2:21;3:2
1209,1209,0,2,1,1,1,29001209:40,1:29001209:6;2:29001209:12;3:29001209:30;4:29001209:60;5:29001209:120;6:29001209:192;,3100200;3100201;3100202;3100203,3106805:1;3106806:1;3106807:1,0,1:1239;2:275;3:20;4:95;5:1000;6:15000;7:0;8:0;23:5000,1:15380;2:3420;3:260;4:0;5:0;6:0;7:0;8:0,1:16920;2:3760;3:280;4:0;5:0;6:0;7:0;8:0,1:18620;2:4140;3:310;4:0;5:0;6:0;7:0;8:0,1:20480;2:4550;3:340;4:0;5:0;6:0;7:0;8:0,1:22520;2:5010;3:380;4:0;5:0;6:0;7:0;8:0,1:24780;2:5510;3:410;4:0;5:0;6:0;7:0;8:0,0,0,1,10:15:24:13:16,0.35;0;0,H_HeroList_icon_mojiezuo,H_HeroList_icon_mojiezuo,H_HeroStar_MJ,12:22:1:19,,1:117;2:21;3:2
1210,1210,0,2,1,1,1,29001210:40,1:29001210:6;2:29001210:12;3:29001210:30;4:29001210:60;5:29001210:120;6:29001210:192;,3100200;3100201;3100202;3100203,3106905:1;3106906:1;3106907:1,0,1:1301;2:289;3:21;4:100;5:1000;6:15000;7:0;8:0;23:5000,1:16150;2:3590;3:270;4:0;5:0;6:0;7:0;8:0,1:17770;2:3950;3:300;4:0;5:0;6:0;7:0;8:0,1:19550;2:4340;3:330;4:0;5:0;6:0;7:0;8:0,1:21500;2:4780;3:360;4:0;5:0;6:0;7:0;8:0,1:23650;2:5260;3:390;4:0;5:0;6:0;7:0;8:0,1:26020;2:5780;3:430;4:0;5:0;6:0;7:0;8:0,0,0,1,10:15:24:13:16,0.35;0;0,H_HeroList_icon_shuipingzuo,H_HeroList_icon_shuipingzuo,H_HeroStar_SP,1:20:2:18,,1:117;2:21;3:2
1211,1211,0,2,4,1,3,29001211:160,1:29001211:6;2:29001211:12;3:29001211:32;4:29001211:64;5:29001211:128;6:29001211:224;,3121101;3121102;3121111;3121112;3121121,3107005:1;3107006:1;3107007:1,3121101;3121102;3121111;3121112;3121121,1:1301;2:329;3:21;4:100;5:1000;6:15000;7:0;8:0;23:5000,1:16150;2:3590;3:270;4:0;5:0;6:0;7:0;8:0,1:17770;2:3950;3:300;4:0;5:0;6:0;7:0;8:0,1:19550;2:4340;3:330;4:0;5:0;6:0;7:0;8:0,1:21500;2:4780;3:360;4:0;5:0;6:0;7:0;8:0,1:23650;2:5260;3:390;4:0;5:0;6:0;7:0;8:0,1:26020;2:5780;3:430;4:0;5:0;6:0;7:0;8:0,0,0,1,10:15:24:13:16,0.35;0;0,H_HeroList_icon_shuangyuzuo,H_HeroList_icon_shuangyuzuo,H_HeroStar_SY,2:19:3:20,,1:117;2:21;3:2
1212,1212,0,2,1,1,1,29001212:40,1:29001212:6;2:29001212:12;3:29001212:30;4:29001212:60;5:29001212:120;6:29001212:192;,3100200;3100201;3100202;3100203,3107105:1;3107106:1;3107107:1,0,1:1239;2:275;3:20;4:95;5:1000;6:15000;7:0;8:0;23:5000,1:15380;2:3420;3:260;4:0;5:0;6:0;7:0;8:0,1:16920;2:3760;3:280;4:0;5:0;6:0;7:0;8:0,1:18620;2:4140;3:310;4:0;5:0;6:0;7:0;8:0,1:20480;2:4550;3:340;4:0;5:0;6:0;7:0;8:0,1:22520;2:5010;3:380;4:0;5:0;6:0;7:0;8:0,1:24780;2:5510;3:410;4:0;5:0;6:0;7:0;8:0,0,0,1,10:15:24:13:16,0.35;0;0,H_HeroList_icon_shefuzuo,H_HeroList_icon_shefuzuo,H_HeroStar_SF,?:?:?:?,,1:117;2:21;3:2
1213,1213,0,2,1,1,1,29001213:40,1:29001213:6;2:29001213:12;3:29001213:30;4:29001213:60;5:29001213:120;6:29001213:192;,3100200;3100201;3100202;3100203,3107205:1;3107206:1;3107207:1,0,1:1180;2:262;3:19;4:90;5:1000;6:15000;7:0;8:0;23:5000,1:14650;2:3260;3:240;4:0;5:0;6:0;7:0;8:0,1:16120;2:3580;3:270;4:0;5:0;6:0;7:0;8:0,1:17730;2:3940;3:300;4:0;5:0;6:0;7:0;8:0,1:19500;2:4330;3:320;4:0;5:0;6:0;7:0;8:0,1:21450;2:4770;3:360;4:0;5:0;6:0;7:0;8:0,1:23600;2:5240;3:390;4:0;5:0;6:0;7:0;8:0,0,0,1,10:15:24:13:16,0.35;0;0,H_HeroList_icon_jinniuzuo,H_HeroList_icon_jinniuzuo,H_HeroStar_JN,4:20:5:20,,1:117;2:21;3:2
1214,1214,0,2,1,1,1,29001214:40,1:29001214:6;2:29001214:12;3:29001214:30;4:29001214:60;5:29001214:120;6:29001214:192;,3100200;3100201;3100202;3100203,3107305:1;3107306:1;3107307:1,0,1:1180;2:262;3:19;4:90;5:1000;6:15000;7:0;8:0;23:5000,1:14650;2:3260;3:240;4:0;5:0;6:0;7:0;8:0,1:16120;2:3580;3:270;4:0;5:0;6:0;7:0;8:0,1:17730;2:3940;3:300;4:0;5:0;6:0;7:0;8:0,1:19500;2:4330;3:320;4:0;5:0;6:0;7:0;8:0,1:21450;2:4770;3:360;4:0;5:0;6:0;7:0;8:0,1:23600;2:5240;3:390;4:0;5:0;6:0;7:0;8:0,0,0,1,10:15:24:13:16,0.35;0;0,H_HeroList_icon_shuangzizuo,H_HeroList_icon_shuangzizuo,H_HeroStar_SZ,5:21:6:20,,1:117;2:21;3:2
1215,1215,0,2,1,1,1,29001215:40,1:29001215:6;2:29001215:12;3:29001215:30;4:29001215:60;5:29001215:120;6:29001215:192;,3100200;3100201;3100202;3100203,3107405:1;3107406:1;3107407:1,0,1:1301;2:289;3:21;4:100;5:1000;6:15000;7:0;8:0;23:5000,1:16150;2:3590;3:270;4:0;5:0;6:0;7:0;8:0,1:17770;2:3950;3:300;4:0;5:0;6:0;7:0;8:0,1:19550;2:4340;3:330;4:0;5:0;6:0;7:0;8:0,1:21500;2:4780;3:360;4:0;5:0;6:0;7:0;8:0,1:23650;2:5260;3:390;4:0;5:0;6:0;7:0;8:0,1:26020;2:5780;3:430;4:0;5:0;6:0;7:0;8:0,0,0,1,10:15:24:13:16,0.35;0;0,H_HeroList_icon_juxiezuo,H_HeroList_icon_juxiezuo,H_HeroStar_JX,6:21:7:21,,1:117;2:21;3:2
1216,1216,0,2,1,1,1,29001216:40,1:29001216:6;2:29001216:12;3:29001216:30;4:29001216:60;5:29001216:120;6:29001216:192;,3100200;3100201;3100202;3100203,3107505:1;3107506:1;3107507:1,0,1:1301;2:289;3:21;4:100;5:1000;6:15000;7:0;8:0;23:5000,1:16150;2:3590;3:270;4:0;5:0;6:0;7:0;8:0,1:17770;2:3950;3:300;4:0;5:0;6:0;7:0;8:0,1:19550;2:4340;3:330;4:0;5:0;6:0;7:0;8:0,1:21500;2:4780;3:360;4:0;5:0;6:0;7:0;8:0,1:23650;2:5260;3:390;4:0;5:0;6:0;7:0;8:0,1:26020;2:5780;3:430;4:0;5:0;6:0;7:0;8:0,0,0,1,10:15:24:13:16,0.35;0;0,H_HeroList_icon_shizizuo,H_HeroList_icon_shizizuo,H_HeroStar_ShiZ,7:22:8:22,,1:117;2:21;3:2
1217,1217,0,2,1,1,1,29001217:40,1:29001217:6;2:29001217:12;3:29001217:30;4:29001217:60;5:29001217:120;6:29001217:192;,3100200;3100201;3100202;3100203,3107505:1;3107506:1;3107507:1,0,1:1301;2:289;3:21;4:100;5:1000;6:15000;7:0;8:0;23:5000,1:16150;2:3590;3:270;4:0;5:0;6:0;7:0;8:0,1:17770;2:3950;3:300;4:0;5:0;6:0;7:0;8:0,1:19550;2:4340;3:330;4:0;5:0;6:0;7:0;8:0,1:21500;2:4780;3:360;4:0;5:0;6:0;7:0;8:0,1:23650;2:5260;3:390;4:0;5:0;6:0;7:0;8:0,1:26020;2:5780;3:430;4:0;5:0;6:0;7:0;8:0,0,0,1,10:15:24:13:16,0.35;0;0,H_HeroList_icon_chunvzuo,H_HeroList_icon_chunvzuo,H_HeroStar_CN,8:23:9:22,,1:117;2:21;3:2
1218,1218,0,2,1,1,1,29001218:40,1:29001218:6;2:29001218:12;3:29001218:30;4:29001218:60;5:29001218:120;6:29001218:192;,3100200;3100201;3100202;3100203,3107605:1;3107606:1;3107607:1,0,1:1301;2:289;3:21;4:100;5:1000;6:15000;7:0;8:0;23:5000,1:16150;2:3590;3:270;4:0;5:0;6:0;7:0;8:0,1:17770;2:3950;3:300;4:0;5:0;6:0;7:0;8:0,1:19550;2:4340;3:330;4:0;5:0;6:0;7:0;8:0,1:21500;2:4780;3:360;4:0;5:0;6:0;7:0;8:0,1:23650;2:5260;3:390;4:0;5:0;6:0;7:0;8:0,1:26020;2:5780;3:430;4:0;5:0;6:0;7:0;8:0,0,0,1,10:15:24:13:16,0.35;0;0,H_HeroList_icon_tianchengzuo,H_HeroList_icon_tianchengzuo01,H_HeroStar_TP,9:23:10:22,,1:117;2:21;3:2
1301,1301,0,2,1,1,1,29001301:40,1:29001301:6;2:29001301:12;3:29001301:30;4:29001301:60;5:29001301:120;6:29001301:192;,3130111;3130121,3107705:1;3107706:1;3107707:1,3130111;3130121,1:1239;2:275;3:20;4:95;5:1000;6:15000;7:0;8:0;23:5000,1:15380;2:3420;3:260;4:0;5:0;6:0;7:0;8:0,1:16920;2:3760;3:280;4:0;5:0;6:0;7:0;8:0,1:18620;2:4140;3:310;4:0;5:0;6:0;7:0;8:0,1:20480;2:4550;3:340;4:0;5:0;6:0;7:0;8:0,1:22520;2:5010;3:380;4:0;5:0;6:0;7:0;8:0,1:24780;2:5510;3:410;4:0;5:0;6:0;7:0;8:0,0,0,1,10:15:24:13:16,0.35;0;0,H_HeroList_icon_tianxiezuo,H_HeroList_icon_tianxiezuo,H_HeroStar_TX,10:23:11:21,,1:123;2:175;3:2
1302,1302,0,2,1,1,1,29001302:40,1:29001302:6;2:29001302:12;3:29001302:30;4:29001302:60;5:29001302:120;6:29001302:192;,3100200;3100201;3100202;3100203,3107805:1;3107806:1;3107807:1,0,1:1239;2:275;3:20;4:95;5:1000;6:15000;7:0;8:0;23:5000,1:15380;2:3420;3:260;4:0;5:0;6:0;7:0;8:0,1:16920;2:3760;3:280;4:0;5:0;6:0;7:0;8:0,1:18620;2:4140;3:310;4:0;5:0;6:0;7:0;8:0,1:20480;2:4550;3:340;4:0;5:0;6:0;7:0;8:0,1:22520;2:5010;3:380;4:0;5:0;6:0;7:0;8:0,1:24780;2:5510;3:410;4:0;5:0;6:0;7:0;8:0,0,0,1,10:15:24:13:16,0.35;0;0,H_HeroList_icon_sheshouzuo,H_HeroList_icon_sheshouzuo,H_HeroStar_SS,11:22:12:21,,1:117;2:21;3:2
1303,1303,0,2,1,1,1,29001303:40,1:29001303:6;2:29001303:12;3:29001303:30;4:29001303:60;5:29001303:120;6:29001303:192;,3100200;3100201;3100202;3100203,3107905:1;3107906:1;3107907:1,0,1:1180;2:262;3:19;4:90;5:1000;6:15000;7:0;8:0;23:5000,1:14650;2:3260;3:240;4:0;5:0;6:0;7:0;8:0,1:16120;2:3580;3:270;4:0;5:0;6:0;7:0;8:0,1:17730;2:3940;3:300;4:0;5:0;6:0;7:0;8:0,1:19500;2:4330;3:320;4:0;5:0;6:0;7:0;8:0,1:21450;2:4770;3:360;4:0;5:0;6:0;7:0;8:0,1:23600;2:5240;3:390;4:0;5:0;6:0;7:0;8:0,0,0,1,10:15:24:13:16,0.35;0;0,H_HeroList_icon_mojiezuo,H_HeroList_icon_mojiezuo,H_HeroStar_MJ,12:22:1:19,,1:117;2:21;3:2
1304,1304,0,2,1,1,1,29001304:40,1:29001304:6;2:29001304:12;3:29001304:30;4:29001304:60;5:29001304:120;6:29001304:192;,3100200;3100201;3100202;3100203,3108005:1;3108006:1;3108007:1,0,1:1301;2:289;3:21;4:100;5:1000;6:15000;7:0;8:0;23:5000,1:16150;2:3590;3:270;4:0;5:0;6:0;7:0;8:0,1:17770;2:3950;3:300;4:0;5:0;6:0;7:0;8:0,1:19550;2:4340;3:330;4:0;5:0;6:0;7:0;8:0,1:21500;2:4780;3:360;4:0;5:0;6:0;7:0;8:0,1:23650;2:5260;3:390;4:0;5:0;6:0;7:0;8:0,1:26020;2:5780;3:430;4:0;5:0;6:0;7:0;8:0,0,0,1,10:15:24:13:16,0.35;0;0,H_HeroList_icon_shuipingzuo,H_HeroList_icon_shuipingzuo,H_HeroStar_SP,1:20:2:18,,1:117;2:21;3:2
1401,1401,0,2,3,1,1,29001401:70,1:29001401:6;2:29001401:12;3:29001401:32;4:29001401:64;5:29001401:128;6:29001401:224;,3140101;3140121;3140141,3140161:1;3140162:1;3140163:1,3140101;3140121;3140141,1:6300;2:4620;3:31;4:90;5:0;6:15000;7:0;8:0;23:5000,1:6658;2:13203;3:27;4:0;5:34;6:34;7:0;8:0,1:6658;2:13203;3:27;4:0;5:34;6:34;7:0;8:0,1:13057;2:16845;3:52;4:0;5:34;6:34;7:0;8:0,1:18330;2:20649;3:73;4:0;5:34;6:34;7:0;8:0,1:23738;2:25056;3:95;4:0;5:34;6:34;7:0;8:0,1:29845;2:30356;3:119;4:0;5:34;6:34;7:0;8:0,0,0,1,28:11:11:26:15,0.35;0;0,H_HeroList_icon_baiyangzuo,H_HeroList_icon_baiyangzuo,H_HeroStar_BY,3:21:4:19,,1:117;2:21;3:2
1402,1402,0,2,1,1,1,29001402:40,1:29001402:6;2:29001402:12;3:29001402:30;4:29001402:60;5:29001402:120;6:29001402:192;,3100200;3100201;3100202;3100203,3108205:1;3108206:1;3108207:1,0,1:1239;2:275;3:20;4:95;5:1000;6:15000;7:0;8:0;23:5000,1:15380;2:3420;3:260;4:0;5:0;6:0;7:0;8:0,1:16920;2:3760;3:280;4:0;5:0;6:0;7:0;8:0,1:18620;2:4140;3:310;4:0;5:0;6:0;7:0;8:0,1:20480;2:4550;3:340;4:0;5:0;6:0;7:0;8:0,1:22520;2:5010;3:380;4:0;5:0;6:0;7:0;8:0,1:24780;2:5510;3:410;4:0;5:0;6:0;7:0;8:0,0,0,1,10:15:24:13:16,0.35;0;0,H_HeroList_icon_shefuzuo,H_HeroList_icon_shefuzuo,H_HeroStar_SF,?:?:?:?,,1:117;2:21;3:2
1403,1403,0,2,1,1,1,29001403:40,1:29001403:6;2:29001403:12;3:29001403:30;4:29001403:60;5:29001403:120;6:29001403:192;,3100200;3100201;3100202;3100203,3108305:1;3108306:1;3108307:1,0,1:1239;2:275;3:20;4:95;5:1000;6:15000;7:0;8:0;23:5000,1:15380;2:3420;3:260;4:0;5:0;6:0;7:0;8:0,1:16920;2:3760;3:280;4:0;5:0;6:0;7:0;8:0,1:18620;2:4140;3:310;4:0;5:0;6:0;7:0;8:0,1:20480;2:4550;3:340;4:0;5:0;6:0;7:0;8:0,1:22520;2:5010;3:380;4:0;5:0;6:0;7:0;8:0,1:24780;2:5510;3:410;4:0;5:0;6:0;7:0;8:0,0,0,1,10:15:24:13:16,0.35;0;0,H_HeroList_icon_jinniuzuo,H_HeroList_icon_jinniuzuo,H_HeroStar_JN,4:20:5:20,,1:117;2:21;3:2
1404,1404,0,2,1,1,1,29001404:40,1:29001404:6;2:29001404:12;3:29001404:30;4:29001404:60;5:29001404:120;6:29001404:192;,3100200;3100201;3100202;3100203,3108405:1;3108406:1;3108407:1,0,1:1180;2:262;3:19;4:90;5:1000;6:15000;7:0;8:0;23:5000,1:14650;2:3260;3:240;4:0;5:0;6:0;7:0;8:0,1:16120;2:3580;3:270;4:0;5:0;6:0;7:0;8:0,1:17730;2:3940;3:300;4:0;5:0;6:0;7:0;8:0,1:19500;2:4330;3:320;4:0;5:0;6:0;7:0;8:0,1:21450;2:4770;3:360;4:0;5:0;6:0;7:0;8:0,1:23600;2:5240;3:390;4:0;5:0;6:0;7:0;8:0,0,0,1,10:15:24:13:16,0.35;0;0,H_HeroList_icon_shuangzizuo,H_HeroList_icon_shuangzizuo,H_HeroStar_SZ,5:21:6:20,,1:117;2:21;3:2
1501,1501,0,2,3,1,1,29001501:70,1:29001501:8;2:29001501:16;3:29001501:42;4:29001501:84;5:29001501:168;6:29001501:276;,3150101;3150102;3150111;3150112;3150121,3999841:1,3150101;3150102;3150111;3150112;3150121,1:2167;2:1244;3:52;4:84;5:0;6:15000;7:0;8:0;23:5000,1:1910;2:3074;3:166;4:0;5:17;6:17;7:0;8:0,1:1910;2:3074;3:166;4:0;5:17;6:17;7:0;8:0,1:3741;2:3445;3:165;4:0;5:17;6:17;7:0;8:0,1:5252;2:3980;3:179;4:0;5:17;6:17;7:0;8:0,1:6801;2:4672;3:202;4:0;5:17;6:17;7:0;8:0,1:8551;2:5547;3:234;4:0;5:17;6:17;7:0;8:0,0,0,1,10:20:16:7:20,0.35;0;0,H_HeroList_icon_juxiezuo,H_HeroList_icon_juxiezuo,H_HeroStar_JX,6:21:7:21,,1:216;2:124;3:5
1502,1502,0,2,1,1,1,29001502:40,1:29001502:6;2:29001502:12;3:29001502:30;4:29001502:60;5:29001502:120;6:29001502:192;,3108601;3108602;3108603,3108605:1;3108606:1;3108607:1,0,1:1597;2:1900;3:40;4:92;5:0;6:15000;7:0;8:0;23:5000,1:15380;2:3420;3:260;4:0;5:0;6:0;7:0;8:0,1:16920;2:3760;3:280;4:0;5:0;6:0;7:0;8:0,1:18620;2:4140;3:310;4:0;5:0;6:0;7:0;8:0,1:20480;2:4550;3:340;4:0;5:0;6:0;7:0;8:0,1:22520;2:5010;3:380;4:0;5:0;6:0;7:0;8:0,1:24780;2:5510;3:410;4:0;5:0;6:0;7:0;8:0,0,0,1,10:15:24:13:16,0.35;0;0,H_HeroList_icon_shizizuo,H_HeroList_icon_shizizuo,H_HeroStar_ShiZ,7:22:8:22,,1:117;2:21;3:2
1503,1503,0,2,1,1,1,29001503:40,1:29001503:6;2:29001503:12;3:29001503:30;4:29001503:60;5:29001503:120;6:29001503:192;,3108701;3108702;3108703,3108705:1;3108706:1;3108707:1,0,1:1239;2:275;3:20;4:95;5:1000;6:15000;7:0;8:0;23:5000,1:15380;2:3420;3:260;4:0;5:0;6:0;7:0;8:0,1:16920;2:3760;3:280;4:0;5:0;6:0;7:0;8:0,1:18620;2:4140;3:310;4:0;5:0;6:0;7:0;8:0,1:20480;2:4550;3:340;4:0;5:0;6:0;7:0;8:0,1:22520;2:5010;3:380;4:0;5:0;6:0;7:0;8:0,1:24780;2:5510;3:410;4:0;5:0;6:0;7:0;8:0,0,0,1,10:15:24:13:16,0.35;0;0,H_HeroList_icon_chunvzuo,H_HeroList_icon_chunvzuo,H_HeroStar_CN,8:23:9:22,,1:117;2:21;3:2
1504,1504,0,2,1,1,1,29001504:40,1:29001504:6;2:29001504:12;3:29001504:30;4:29001504:60;5:29001504:120;6:29001504:192;,3108801;3108802;3108803,3108805:1;3108806:1;3108807:1,0,1:1180;2:262;3:19;4:90;5:1000;6:15000;7:0;8:0;23:5000,1:14650;2:3260;3:240;4:0;5:0;6:0;7:0;8:0,1:16120;2:3580;3:270;4:0;5:0;6:0;7:0;8:0,1:17730;2:3940;3:300;4:0;5:0;6:0;7:0;8:0,1:19500;2:4330;3:320;4:0;5:0;6:0;7:0;8:0,1:21450;2:4770;3:360;4:0;5:0;6:0;7:0;8:0,1:23600;2:5240;3:390;4:0;5:0;6:0;7:0;8:0,0,0,1,10:15:24:13:16,0.35;0;0,H_HeroList_icon_tianchengzuo,H_HeroList_icon_tianchengzuo01,H_HeroStar_TP,9:23:10:22,,1:117;2:21;3:2
1505,1505,0,2,1,1,1,29001505:40,1:29001505:6;2:29001505:12;3:29001505:30;4:29001505:60;5:29001505:120;6:29001505:192;,3108901;3108902;3108903,3108905:1;3108906:1;3108907:1,0,1:1301;2:289;3:21;4:100;5:1000;6:15000;7:0;8:0;23:5000,1:16150;2:3590;3:270;4:0;5:0;6:0;7:0;8:0,1:17770;2:3950;3:300;4:0;5:0;6:0;7:0;8:0,1:19550;2:4340;3:330;4:0;5:0;6:0;7:0;8:0,1:21500;2:4780;3:360;4:0;5:0;6:0;7:0;8:0,1:23650;2:5260;3:390;4:0;5:0;6:0;7:0;8:0,1:26020;2:5780;3:430;4:0;5:0;6:0;7:0;8:0,0,0,1,10:15:24:13:16,0.35;0;0,H_HeroList_icon_tianxiezuo,H_HeroList_icon_tianxiezuo,H_HeroStar_TX,10:23:11:21,,1:117;2:21;3:2
1506,1506,0,2,1,1,1,29001506:40,1:29001506:6;2:29001506:12;3:29001506:30;4:29001506:60;5:29001506:120;6:29001506:192;,3109001;3109002;3109003,3109005:1;3109006:1;3109007:1,0,1:1180;2:262;3:19;4:90;5:1000;6:15000;7:0;8:0;23:5000,1:14650;2:3260;3:240;4:0;5:0;6:0;7:0;8:0,1:16120;2:3580;3:270;4:0;5:0;6:0;7:0;8:0,1:17730;2:3940;3:300;4:0;5:0;6:0;7:0;8:0,1:19500;2:4330;3:320;4:0;5:0;6:0;7:0;8:0,1:21450;2:4770;3:360;4:0;5:0;6:0;7:0;8:0,1:23600;2:5240;3:390;4:0;5:0;6:0;7:0;8:0,0,0,1,10:15:24:13:16,0.35;0;0,H_HeroList_icon_sheshouzuo,H_HeroList_icon_sheshouzuo,H_HeroStar_SS,11:22:12:21,,1:117;2:21;3:2
1507,1507,0,2,1,1,1,29001507:40,1:29001507:6;2:29001507:12;3:29001507:30;4:29001507:60;5:29001507:120;6:29001507:192;,3109101;3109102;3109103,3109105:1;3109106:1;3109107:1,0,1:1180;2:262;3:19;4:90;5:1000;6:15000;7:0;8:0;23:5000,1:14650;2:3260;3:240;4:0;5:0;6:0;7:0;8:0,1:16120;2:3580;3:270;4:0;5:0;6:0;7:0;8:0,1:17730;2:3940;3:300;4:0;5:0;6:0;7:0;8:0,1:19500;2:4330;3:320;4:0;5:0;6:0;7:0;8:0,1:21450;2:4770;3:360;4:0;5:0;6:0;7:0;8:0,1:23600;2:5240;3:390;4:0;5:0;6:0;7:0;8:0,0,0,1,10:15:24:13:16,0.35;0;0,H_HeroList_icon_mojiezuo,H_HeroList_icon_mojiezuo,H_HeroStar_MJ,12:22:1:19,,1:117;2:21;3:2
1508,1508,0,2,1,1,1,29001508:40,1:29001508:6;2:29001508:12;3:29001508:30;4:29001508:60;5:29001508:120;6:29001508:192;,3109201;3109202;3109203,3109205:1;3109206:1;3109207:1,0,1:1180;2:262;3:19;4:90;5:1000;6:15000;7:0;8:0;23:5000,1:14650;2:3260;3:240;4:0;5:0;6:0;7:0;8:0,1:16120;2:3580;3:270;4:0;5:0;6:0;7:0;8:0,1:17730;2:3940;3:300;4:0;5:0;6:0;7:0;8:0,1:19500;2:4330;3:320;4:0;5:0;6:0;7:0;8:0,1:21450;2:4770;3:360;4:0;5:0;6:0;7:0;8:0,1:23600;2:5240;3:390;4:0;5:0;6:0;7:0;8:0,0,0,1,10:15:24:13:16,0.35;0;0,H_HeroList_icon_shuipingzuo,H_HeroList_icon_shuipingzuo,H_HeroStar_SP,1:20:2:18,,1:117;2:21;3:2
1509,1509,0,2,1,1,1,29001509:40,1:29001509:6;2:29001509:12;3:29001509:30;4:29001509:60;5:29001509:120;6:29001509:192;,3109301;3109302;3109303,3109305:1;3109306:1;3109307:1,0,1:1239;2:275;3:20;4:95;5:1000;6:15000;7:0;8:0;23:5000,1:15380;2:3420;3:260;4:0;5:0;6:0;7:0;8:0,1:16920;2:3760;3:280;4:0;5:0;6:0;7:0;8:0,1:18620;2:4140;3:310;4:0;5:0;6:0;7:0;8:0,1:20480;2:4550;3:340;4:0;5:0;6:0;7:0;8:0,1:22520;2:5010;3:380;4:0;5:0;6:0;7:0;8:0,1:24780;2:5510;3:410;4:0;5:0;6:0;7:0;8:0,0,0,1,10:15:24:13:16,0.35;0;0,H_HeroList_icon_shuangyuzuo,H_HeroList_icon_shuangyuzuo,H_HeroStar_SY,2:19:3:20,,1:117;2:21;3:2
1510,1510,0,2,1,1,1,29001510:40,1:29001510:6;2:29001510:12;3:29001510:30;4:29001510:60;5:29001510:120;6:29001510:192;,3109401;3109402;3109403,3109405:1;3109406:1;3109407:1,0,1:1301;2:289;3:21;4:100;5:1000;6:15000;7:0;8:0;23:5000,1:16150;2:3590;3:270;4:0;5:0;6:0;7:0;8:0,1:17770;2:3950;3:300;4:0;5:0;6:0;7:0;8:0,1:19550;2:4340;3:330;4:0;5:0;6:0;7:0;8:0,1:21500;2:4780;3:360;4:0;5:0;6:0;7:0;8:0,1:23650;2:5260;3:390;4:0;5:0;6:0;7:0;8:0,1:26020;2:5780;3:430;4:0;5:0;6:0;7:0;8:0,0,0,1,10:15:24:13:16,0.35;0;0,H_HeroList_icon_shefuzuo,H_HeroList_icon_shefuzuo,H_HeroStar_SF,?:?:?:?,,1:117;2:21;3:2
1511,1511,0,2,1,1,1,29001511:40,1:29001511:6;2:29001511:12;3:29001511:30;4:29001511:60;5:29001511:120;6:29001511:192;,3100200;3100201;3100202;3100203,3109505:1;3109506:1;3109507:1,0,1:1180;2:262;3:19;4:90;5:1000;6:15000;7:0;8:0;23:5000,1:14650;2:3260;3:240;4:0;5:0;6:0;7:0;8:0,1:16120;2:3580;3:270;4:0;5:0;6:0;7:0;8:0,1:17730;2:3940;3:300;4:0;5:0;6:0;7:0;8:0,1:19500;2:4330;3:320;4:0;5:0;6:0;7:0;8:0,1:21450;2:4770;3:360;4:0;5:0;6:0;7:0;8:0,1:23600;2:5240;3:390;4:0;5:0;6:0;7:0;8:0,0,0,1,10:15:24:13:16,0.35;0;0,H_HeroList_icon_jinniuzuo,H_HeroList_icon_jinniuzuo,H_HeroStar_JN,4:20:5:20,,1:117;2:21;3:2
1512,1512,0,2,1,1,1,29001512:40,1:29001512:6;2:29001512:12;3:29001512:30;4:29001512:60;5:29001512:120;6:29001512:192;,3100200;3100201;3100202;3100203,3109605:1;3109606:1;3109607:1,0,1:1239;2:275;3:20;4:95;5:1000;6:15000;7:0;8:0;23:5000,1:15380;2:3420;3:260;4:0;5:0;6:0;7:0;8:0,1:16920;2:3760;3:280;4:0;5:0;6:0;7:0;8:0,1:18620;2:4140;3:310;4:0;5:0;6:0;7:0;8:0,1:20480;2:4550;3:340;4:0;5:0;6:0;7:0;8:0,1:22520;2:5010;3:380;4:0;5:0;6:0;7:0;8:0,1:24780;2:5510;3:410;4:0;5:0;6:0;7:0;8:0,0,0,1,10:15:24:13:16,0.35;0;0,H_HeroList_icon_shuangzizuo,H_HeroList_icon_shuangzizuo,H_HeroStar_SZ,5:21:6:20,,1:117;2:21;3:2
1513,1513,0,2,1,1,1,29001513:40,1:29001513:6;2:29001513:12;3:29001513:30;4:29001513:60;5:29001513:120;6:29001513:192;,3100200;3100201;3100202;3100203,3109705:1;3109706:1;3109707:1,0,1:1180;2:262;3:19;4:90;5:1000;6:15000;7:0;8:0;23:5000,1:14650;2:3260;3:240;4:0;5:0;6:0;7:0;8:0,1:16120;2:3580;3:270;4:0;5:0;6:0;7:0;8:0,1:17730;2:3940;3:300;4:0;5:0;6:0;7:0;8:0,1:19500;2:4330;3:320;4:0;5:0;6:0;7:0;8:0,1:21450;2:4770;3:360;4:0;5:0;6:0;7:0;8:0,1:23600;2:5240;3:390;4:0;5:0;6:0;7:0;8:0,0,0,1,10:15:24:13:16,0.35;0;0,H_HeroList_icon_juxiezuo,H_HeroList_icon_juxiezuo,H_HeroStar_JX,6:21:7:21,,1:117;2:21;3:2
1514,1514,0,2,1,1,1,29001514:40,1:29001514:6;2:29001514:12;3:29001514:30;4:29001514:60;5:29001514:120;6:29001514:192;,3100200;3100201;3100202;3100203,3109805:1;3109806:1;3109807:1,0,1:1180;2:262;3:19;4:90;5:1000;6:15000;7:0;8:0;23:5000,1:14650;2:3260;3:240;4:0;5:0;6:0;7:0;8:0,1:16120;2:3580;3:270;4:0;5:0;6:0;7:0;8:0,1:17730;2:3940;3:300;4:0;5:0;6:0;7:0;8:0,1:19500;2:4330;3:320;4:0;5:0;6:0;7:0;8:0,1:21450;2:4770;3:360;4:0;5:0;6:0;7:0;8:0,1:23600;2:5240;3:390;4:0;5:0;6:0;7:0;8:0,0,0,1,10:15:24:13:16,0.35;0;0,H_HeroList_icon_shizizuo,H_HeroList_icon_shizizuo,H_HeroStar_ShiZ,7:22:8:22,,1:117;2:21;3:2
1515,1515,0,2,1,1,1,29001515:40,1:29001515:6;2:29001515:12;3:29001515:30;4:29001515:60;5:29001515:120;6:29001515:192;,3100200;3100201;3100202;3100203,3109905:1;3109906:1;3109907:1,0,1:1180;2:262;3:19;4:90;5:1000;6:15000;7:0;8:0;23:5000,1:14650;2:3260;3:240;4:0;5:0;6:0;7:0;8:0,1:16120;2:3580;3:270;4:0;5:0;6:0;7:0;8:0,1:17730;2:3940;3:300;4:0;5:0;6:0;7:0;8:0,1:19500;2:4330;3:320;4:0;5:0;6:0;7:0;8:0,1:21450;2:4770;3:360;4:0;5:0;6:0;7:0;8:0,1:23600;2:5240;3:390;4:0;5:0;6:0;7:0;8:0,0,0,1,10:15:24:13:16,0.35;0;0,H_HeroList_icon_chunvzuo,H_HeroList_icon_chunvzuo,H_HeroStar_CN,8:23:9:22,,1:117;2:21;3:2
1516,1516,0,2,1,1,1,29001516:40,1:29001516:6;2:29001516:12;3:29001516:30;4:29001516:60;5:29001516:120;6:29001516:192;,3100200;3100201;3100202;3100203,3110005:1;3110006:1;3110007:1,0,1:1180;2:262;3:19;4:90;5:1000;6:15000;7:0;8:0;23:5000,1:14650;2:3260;3:240;4:0;5:0;6:0;7:0;8:0,1:16120;2:3580;3:270;4:0;5:0;6:0;7:0;8:0,1:17730;2:3940;3:300;4:0;5:0;6:0;7:0;8:0,1:19500;2:4330;3:320;4:0;5:0;6:0;7:0;8:0,1:21450;2:4770;3:360;4:0;5:0;6:0;7:0;8:0,1:23600;2:5240;3:390;4:0;5:0;6:0;7:0;8:0,0,0,1,10:15:24:13:16,0.35;0;0,H_HeroList_icon_tianchengzuo,H_HeroList_icon_tianchengzuo01,H_HeroStar_TP,9:23:10:22,,1:117;2:21;3:2
1517,1517,0,2,1,1,1,29001517:40,1:29001517:6;2:29001517:12;3:29001517:30;4:29001517:60;5:29001517:120;6:29001517:192;,3150101;3150102;3150111;3150112;3150121,3110105:1;3110106:1;3110107:1,0,1:1301;2:289;3:21;4:100;5:1000;6:15000;7:0;8:0;23:5000,1:16150;2:3590;3:270;4:0;5:0;6:0;7:0;8:0,1:17770;2:3950;3:300;4:0;5:0;6:0;7:0;8:0,1:19550;2:4340;3:330;4:0;5:0;6:0;7:0;8:0,1:21500;2:4780;3:360;4:0;5:0;6:0;7:0;8:0,1:23650;2:5260;3:390;4:0;5:0;6:0;7:0;8:0,1:26020;2:5780;3:430;4:0;5:0;6:0;7:0;8:0,0,0,1,10:15:24:13:16,0.35;0;0,H_HeroList_icon_tianxiezuo,H_HeroList_icon_tianxiezuo,H_HeroStar_TX,10:23:11:21,,1:117;2:21;3:2
1601,1601,0,2,3,2,2,29001601:70,1:29001601:8;2:29001601:16;3:29001601:42;4:29001601:84;5:29001601:168;6:29001601:276;,3100200;3100201;3100202;3100203,3110105:1;3110106:1;3110107:1,0,1:15750;2:1710;3:46;4:95;5:0;6:15000;7:0;8:0;23:5000,1:16645;2:4887;3:50;4:0;5:0;6:0;7:0;8:0,1:16645;2:4887;3:50;4:0;5:0;6:0;7:0;8:0,1:32641;2:6235;3:98;4:0;5:0;6:0;7:0;8:0,1:45824;2:7643;3:138;4:0;5:0;6:0;7:0;8:0,1:59344;2:9274;3:179;4:0;5:0;6:0;7:0;8:0,1:74612;2:11236;3:225;4:0;5:0;6:0;7:0;8:0,0,0,1,10:15:24:13:16,0.35;0;0,H_HeroList_icon_sheshouzuo,H_HeroList_icon_sheshouzuo,H_HeroStar_SS,11:22:12:21,,1:117;2:21;3:2
1602,1602,0,2,1,1,1,29001602:40,1:29001602:6;2:29001602:12;3:29001602:30;4:29001602:60;5:29001602:120;6:29001602:192;,3100200;3100201;3100202;3100203,3110105:1;3110106:1;3110107:1,0,1:1301;2:289;3:21;4:100;5:1000;6:15000;7:0;8:0;23:5000,1:16150;2:3590;3:270;4:0;5:0;6:0;7:0;8:0,1:17770;2:3950;3:300;4:0;5:0;6:0;7:0;8:0,1:19550;2:4340;3:330;4:0;5:0;6:0;7:0;8:0,1:21500;2:4780;3:360;4:0;5:0;6:0;7:0;8:0,1:23650;2:5260;3:390;4:0;5:0;6:0;7:0;8:0,1:26020;2:5780;3:430;4:0;5:0;6:0;7:0;8:0,0,0,1,10:15:24:13:16,0.35;0;0,H_HeroList_icon_mojiezuo,H_HeroList_icon_mojiezuo,H_HeroStar_MJ,12:22:1:19,,1:117;2:21;3:2
2001,2001,0,2,1,1,1,29002001:40,1:29001602:6;2:29001602:12;3:29001602:30;4:29001602:60;5:29001602:120;6:29001602:192;,3200101,3110105:1;3110106:1;3110107:1,3200101,1:1301;2:289;3:21;4:100;5:1000;6:15000;7:0;8:0;23:5000,1:16150;2:3590;3:270;4:0;5:0;6:0;7:0;8:0,1:17770;2:3950;3:300;4:0;5:0;6:0;7:0;8:0,1:19550;2:4340;3:330;4:0;5:0;6:0;7:0;8:0,1:21500;2:4780;3:360;4:0;5:0;6:0;7:0;8:0,1:23650;2:5260;3:390;4:0;5:0;6:0;7:0;8:0,1:26020;2:5780;3:430;4:0;5:0;6:0;7:0;8:0,0,0,1,10:15:24:13:16,0.35;0;0,H_HeroList_icon_mojiezuo,H_HeroList_icon_mojiezuo,H_HeroStar_MJ,12:22:1:19,,1:117;2:21;3:2
2002,2002,0,2,1,1,1,29002002:40,1:29001602:6;2:29001602:12;3:29001602:30;4:29001602:60;5:29001602:120;6:29001602:192;,3200201,3110105:1;3110106:1;3110107:1,3200201,1:1301;2:289;3:21;4:100;5:1000;6:15000;7:0;8:0;23:5000,1:16150;2:3590;3:270;4:0;5:0;6:0;7:0;8:0,1:17770;2:3950;3:300;4:0;5:0;6:0;7:0;8:0,1:19550;2:4340;3:330;4:0;5:0;6:0;7:0;8:0,1:21500;2:4780;3:360;4:0;5:0;6:0;7:0;8:0,1:23650;2:5260;3:390;4:0;5:0;6:0;7:0;8:0,1:26020;2:5780;3:430;4:0;5:0;6:0;7:0;8:0,0,0,1,10:15:24:13:16,0.35;0;0,H_HeroList_icon_mojiezuo,H_HeroList_icon_mojiezuo,H_HeroStar_MJ,12:22:1:19,,1:117;2:21;3:2
